Timestamp,Close
1325317920,4.39
1325375520,
1325433120,
1325490720,
1325548320,
1325605920,
1325663520,
1325721120,
1325778720,
1325836320,
1325893920,
1325951520,
1326009120,
1326066720,
1326124320,
1326181920,
1326239520,
1326297120,
1326354720,
1326412320,
1326469920,
1326527520,
1326585120,
1326642720,
1326700320,
1326757920,
1326815520,
1326873120,
1326930720,
1326988320,
1327045920,
1327103520,
1327161120,
1327218720,6.28
1327276320,
1327333920,
1327391520,
1327449120,
1327506720,
1327564320,
1327621920,
1327679520,
1327737120,
1327794720,
1327852320,
1327909920,
1327967520,
1328025120,
1328082720,
1328140320,
1328197920,6.25
1328255520,
1328313120,
1328370720,
1328428320,
1328485920,
1328543520,
1328601120,
1328658720,
1328716320,
1328773920,
1328831520,
1328889120,
1328946720,
1329004320,
1329061920,
1329119520,
1329177120,
1329234720,
1329292320,
1329349920,
1329407520,
1329465120,
1329522720,
1329580320,
1329637920,
1329695520,
1329753120,
1329810720,
1329868320,4.58
1329925920,
1329983520,
1330041120,
1330098720,
1330156320,
1330213920,
1330271520,
1330329120,
1330386720,
1330444320,
1330501920,
1330559520,
1330617120,
1330674720,
1330732320,
1330789920,
1330847520,
1330905120,
1330962720,4.98
1331020320,
1331077920,
1331135520,
1331193120,
1331250720,
1331308320,
1331365920,
1331423520,
1331481120,
1331538720,
1331596320,
1331653920,
1331711520,
1331769120,
1331826720,
1331884320,
1331941920,
1331999520,
1332057120,
1332114720,
1332172320,
1332229920,
1332287520,
1332345120,
1332402720,
1332460320,
1332517920,
1332575520,
1332633120,
1332690720,
1332748320,
1332805920,
1332863520,
1332921120,
1332978720,
1333036320,
1333093920,
1333151520,
1333209120,
1333266720,
1333324320,
1333381920,
1333439520,
1333497120,
1333554720,
1333612320,
1333669920,
1333727520,
1333785120,
1333842720,
1333900320,
1333957920,
1334015520,
1334073120,
1334130720,
1334188320,
1334245920,
1334303520,
1334361120,
1334418720,
1334476320,
1334533920,
1334591520,
1334649120,
1334706720,
1334764320,
1334821920,
1334879520,
1334937120,
1334994720,
1335052320,
1335109920,
1335167520,
1335225120,
1335282720,
1335340320,
1335397920,
1335455520,
1335513120,
1335570720,
1335628320,
1335685920,
1335743520,
1335801120,
1335858720,
1335916320,
1335973920,
1336031520,
1336089120,
1336146720,
1336204320,
1336261920,
1336319520,
1336377120,
1336434720,
1336492320,
1336549920,
1336607520,
1336665120,
1336722720,
1336780320,
1336837920,
1336895520,
1336953120,
1337010720,
1337068320,
1337125920,
1337183520,
1337241120,
1337298720,
1337356320,
1337413920,
1337471520,
1337529120,
1337586720,
1337644320,
1337701920,
1337759520,
1337817120,
1337874720,
1337932320,
1337989920,
1338047520,
1338105120,
1338162720,
1338220320,
1338277920,
1338335520,
1338393120,
1338450720,
1338508320,
1338565920,5.24
1338623520,
1338681120,
1338738720,
1338796320,
1338853920,
1338911520,
1338969120,
1339026720,
1339084320,
1339141920,
1339199520,
1339257120,
1339314720,
1339372320,
1339429920,
1339487520,
1339545120,
1339602720,
1339660320,
1339717920,
1339775520,
1339833120,
1339890720,
1339948320,
1340005920,
1340063520,
1340121120,
1340178720,
1340236320,
1340293920,
1340351520,
1340409120,
1340466720,
1340524320,
1340581920,
1340639520,
1340697120,
1340754720,
1340812320,
1340869920,
1340927520,
1340985120,
1341042720,
1341100320,
1341157920,
1341215520,
1341273120,
1341330720,
1341388320,
1341445920,
1341503520,
1341561120,
1341618720,
1341676320,
1341733920,6.63
1341791520,
1341849120,
1341906720,
1341964320,
1342021920,7.14
1342079520,
1342137120,
1342194720,
1342252320,
1342309920,
1342367520,
1342425120,
1342482720,
1342540320,
1342597920,
1342655520,
1342713120,
1342770720,
1342828320,
1342885920,
1342943520,
1343001120,
1343058720,
1343116320,
1343173920,
1343231520,
1343289120,8.6
1343346720,
1343404320,
1343461920,
1343519520,
1343577120,
1343634720,
1343692320,
1343749920,
1343807520,
1343865120,
1343922720,
1343980320,10.1
1344037920,10.93
1344095520,
1344153120,
1344210720,
1344268320,
1344325920,
1344383520,
1344441120,
1344498720,
1344556320,
1344613920,
1344671520,
1344729120,
1344786720,
1344844320,
1344901920,
1344959520,
1345017120,
1345074720,
1345132320,
1345189920,
1345247520,12.5
1345305120,
1345362720,
1345420320,
1345477920,
1345535520,
1345593120,
1345650720,
1345708320,9.96
1345765920,
1345823520,
1345881120,
1345938720,
1345996320,
1346053920,
1346111520,
1346169120,
1346226720,
1346284320,
1346341920,
1346399520,
1346457120,
1346514720,10.01
1346572320,
1346629920,
1346687520,
1346745120,
1346802720,
1346860320,10.25
1346917920,
1346975520,
1347033120,
1347090720,
1347148320,
1347205920,
1347263520,
1347321120,
1347378720,
1347436320,
1347493920,
1347551520,
1347609120,
1347666720,
1347724320,11.59
1347781920,
1347839520,
1347897120,
1347954720,
1348012320,
1348069920,
1348127520,
1348185120,
1348242720,
1348300320,
1348357920,
1348415520,
1348473120,
1348530720,
1348588320,
1348645920,
1348703520,
1348761120,
1348818720,
1348876320,
1348933920,
1348991520,
1349049120,
1349106720,
1349164320,
1349221920,
1349279520,
1349337120,
1349394720,
1349452320,12.45
1349509920,
1349567520,
1349625120,
1349682720,
1349740320,
1349797920,
1349855520,
1349913120,
1349970720,
1350028320,
1350085920,
1350143520,
1350201120,
1350258720,
1350316320,11.5
1350373920,
1350431520,
1350489120,11.92
1350546720,
1350604320,
1350661920,11.72
1350719520,
1350777120,
1350834720,
1350892320,11.5
1350949920,
1351007520,
1351065120,
1351122720,
1351180320,
1351237920,
1351295520,9.99
1351353120,
1351410720,
1351468320,
1351525920,
1351583520,
1351641120,
1351698720,
1351756320,
1351813920,10.82
1351871520,
1351929120,
1351986720,
1352044320,
1352101920,
1352159520,
1352217120,
1352274720,10.54
1352332320,10.8
1352389920,
1352447520,
1352505120,
1352562720,
1352620320,
1352677920,
1352735520,
1352793120,
1352850720,
1352908320,
1352965920,
1353023520,
1353081120,
1353138720,
1353196320,
1353253920,
1353311520,
1353369120,
1353426720,
1353484320,
1353541920,11.64
1353599520,
1353657120,
1353714720,12.16
1353772320,
1353829920,
1353887520,
1353945120,
1354002720,
1354060320,
1354117920,
1354175520,
1354233120,
1354290720,
1354348320,
1354405920,
1354463520,
1354521120,
1354578720,
1354636320,
1354693920,
1354751520,
1354809120,
1354866720,
1354924320,
1354981920,
1355039520,
1355097120,
1355154720,
1355212320,
1355269920,
1355327520,
1355385120,
1355442720,
1355500320,
1355557920,
1355615520,
1355673120,
1355730720,13.17
1355788320,
1355845920,
1355903520,
1355961120,
1356018720,
1356076320,
1356133920,
1356191520,
1356249120,
1356306720,
1356364320,13.05
1356421920,
1356479520,
1356537120,
1356594720,
1356652320,
1356709920,
1356767520,
1356825120,
1356882720,
1356940320,
1356997920,
1357055520,
1357113120,
1357170720,
1357228320,13.11
1357285920,
1357343520,
1357401120,
1357458720,
1357516320,
1357573920,13.15
1357631520,
1357689120,
1357746720,13.4
1357804320,
1357861920,
1357919520,
1357977120,
1358034720,
1358092320,
1358149920,13.61
1358207520,
1358265120,
1358322720,
1358380320,
1358437920,
1358495520,
1358553120,
1358610720,
1358668320,
1358725920,
1358783520,16.93
1358841120,
1358898720,17.43
1358956320,
1359013920,
1359071520,
1359129120,
1359186720,
1359244320,17.35
1359301920,
1359359520,
1359417120,
1359474720,
1359532320,
1359589920,
1359647520,20.54
1359705120,
1359762720,
1359820320,
1359877920,
1359935520,20.39
1359993120,20.3
1360050720,
1360108320,
1360165920,
1360223520,
1360281120,
1360338720,22.16
1360396320,
1360453920,
1360511520,
1360569120,
1360626720,
1360684320,25.31
1360741920,
1360799520,
1360857120,
1360914720,
1360972320,27.02
1361029920,27.05
1361087520,
1361145120,
1361202720,
1361260320,
1361317920,29.39
1361375520,
1361433120,
1361490720,
1361548320,30.87
1361605920,
1361663520,29.54
1361721120,
1361778720,
1361836320,30.43
1361893920,
1361951520,
1362009120,
1362066720,34.1
1362124320,33.73
1362181920,34.56
1362239520,
1362297120,
1362354720,
1362412320,
1362469920,
1362527520,
1362585120,
1362642720,
1362700320,
1362757920,43.32
1362815520,
1362873120,
1362930720,
1362988320,
1363045920,
1363103520,43.8
1363161120,
1363218720,
1363276320,
1363333920,
1363391520,
1363449120,
1363506720,
1363564320,
1363621920,
1363679520,51.7
1363737120,
1363794720,61.9
1363852320,
1363909920,
1363967520,72.0
1364025120,
1364082720,63.9
1364140320,
1364197920,
1364255520,
1364313120,79.15
1364370720,
1364428320,
1364485920,
1364543520,
1364601120,
1364658720,
1364716320,
1364773920,95.64
1364831520,
1364889120,
1364946720,
1365004320,133.75
1365061920,
1365119520,
1365177120,139.3
1365234720,
1365292320,
1365349920,156.4
1365407520,175.0
1365465120,
1365522720,219.3
1365580320,230.02
1365637920,161.49
1365695520,
1365753120,83.0
1365810720,106.02
1365868320,
1365925920,99.5
1365983520,91.01
1366041120,93.89
1366098720,56.79
1366156320,67.81
1366213920,92.75
1366271520,92.06
1366329120,108.5
1366386720,
1366444320,118.93
1366501920,126.25
1366559520,119.06
1366617120,122.0
1366674720,
1366732320,133.3
1366789920,139.02
1366847520,150.31
1366905120,154.0
1366962720,127.75
1367020320,137.34
1367077920,133.6
1367135520,132.0
1367193120,135.27
1367250720,143.63
1367308320,
1367365920,139.88
1367423520,128.5
1367481120,122.14
1367538720,104.5
1367596320,90.07
1367653920,101.0
1367711520,112.62
1367769120,114.44
1367826720,122.14
1367884320,111.51
1367941920,104.22
1367999520,115.04
1368057120,113.44
1368114720,111.3
1368172320,
1368229920,117.89
1368287520,115.81
1368345120,116.94
1368402720,
1368460320,116.4
1368517920,116.38
1368575520,106.83
1368633120,112.5
1368690720,
1368748320,113.28
1368805920,114.72
1368863520,
1368921120,
1368978720,118.25
1369036320,116.97
1369093920,117.96
1369151520,118.15
1369209120,118.05
1369266720,119.1
1369324320,
1369381920,123.8
1369439520,128.7
1369497120,127.53
1369554720,129.19
1369612320,
1369669920,129.34
1369727520,
1369785120,126.04
1369842720,127.28
1369900320,129.16
1369957920,
1370015520,128.38
1370073120,128.11
1370130720,128.77
1370188320,118.69
1370245920,118.08
1370303520,
1370361120,
1370418720,120.15
1370476320,
1370533920,120.62
1370591520,117.88
1370649120,110.11
1370706720,108.51
1370764320,99.5
1370821920,99.48
1370879520,100.99
1370937120,
1370994720,107.37
1371052320,108.7
1371109920,
1371167520,102.08
1371225120,98.53
1371282720,
1371340320,
1371397920,100.58
1371455520,100.29
1371513120,
1371570720,106.52
1371628320,105.29
1371685920,105.85
1371743520,106.15
1371801120,103.3
1371858720,101.82
1371916320,99.86
1371973920,100.92
1372031520,
1372089120,99.66
1372146720,100.56
1372204320,
1372261920,98.44
1372319520,
1372377120,96.97
1372434720,91.91
1372492320,91.02
1372549920,
1372607520,
1372665120,
1372722720,82.99
1372780320,
1372837920,86.7
1372895520,
1372953120,
1373010720,74.84
1373068320,67.14
1373125920,
1373183520,65.7
1373241120,72.94
1373298720,73.92
1373356320,73.36
1373413920,74.98
1373471520,76.28
1373529120,
1373586720,
1373644320,92.91
1373701920,
1373759520,
1373817120,92.21
1373874720,90.75
1373932320,
1373989920,92.52
1374047520,91.74
1374105120,90.98
1374162720,
1374220320,
1374277920,86.33
1374335520,
1374393120,85.89
1374450720,
1374508320,
1374565920,
1374623520,
1374681120,87.58
1374738720,
1374796320,90.19
1374853920,90.8
1374911520,
1374969120,
1375026720,
1375084320,
1375141920,
1375199520,94.59
1375257120,98.97
1375314720,
1375372320,97.68
1375429920,95.15
1375487520,
1375545120,
1375602720,
1375660320,
1375717920,
1375775520,98.7
1375833120,
1375890720,98.02
1375948320,
1376005920,94.24
1376063520,
1376121120,
1376178720,93.53
1376236320,
1376293920,94.15
1376351520,
1376409120,
1376466720,99.75
1376524320,99.19
1376581920,98.11
1376639520,
1376697120,98.25
1376754720,
1376812320,
1376869920,
1376927520,
1376985120,
1377042720,104.79
1377100320,107.02
1377157920,
1377215520,109.86
1377273120,109.5
1377330720,
1377388320,
1377445920,
1377503520,
1377561120,111.79
1377618720,117.21
1377676320,117.21
1377733920,
1377791520,
1377849120,
1377906720,
1377964320,128.84
1378021920,129.28
1378079520,130.7
1378137120,131.05
1378194720,130.1
1378252320,
1378309920,
1378367520,
1378425120,122.75
1378482720,122.61
1378540320,
1378597920,
1378655520,118.93
1378713120,
1378770720,
1378828320,123.76
1378885920,
1378943520,127.38
1379001120,
1379058720,126.73
1379116320,
1379173920,125.98
1379231520,
1379289120,125.18
1379346720,125.99
1379404320,126.38
1379461920,
1379519520,127.29
1379577120,127.75
1379634720,
1379692320,124.83
1379749920,
1379807520,123.42
1379865120,
1379922720,
1379980320,122.89
1380037920,122.92
1380095520,
1380153120,123.28
1380210720,124.05
1380268320,
1380325920,126.7
1380383520,
1380441120,
1380498720,
1380556320,126.99
1380613920,127.2
1380671520,
1380729120,125.54
1380786720,
1380844320,
1380901920,122.67
1380959520,
1381017120,121.35
1381074720,122.11
1381132320,123.9
1381189920,123.8
1381247520,123.23
1381305120,
1381362720,
1381420320,125.6
1381477920,
1381535520,
1381593120,
1381650720,127.94
1381708320,
1381765920,134.93
1381823520,135.58
1381881120,141.02
1381938720,144.24
1381996320,141.08
1382053920,143.94
1382111520,151.89
1382169120,159.29
1382226720,166.0
1382284320,165.0
1382341920,169.3
1382399520,179.8
1382457120,188.66
1382514720,189.99
1382572320,203.7
1382629920,
1382687520,186.0
1382745120,188.2
1382802720,
1382860320,
1382917920,195.0
1382975520,195.0
1383033120,
1383090720,204.69
1383148320,203.37
1383205920,
1383263520,202.4
1383321120,202.5
1383378720,204.5
1383436320,204.89
1383493920,205.11
1383551520,211.11
1383609120,229.93
1383666720,243.7
1383724320,248.54
1383781920,264.35
1383839520,289.4
1383897120,309.02
1383954720,334.0
1384012320,358.0
1384069920,305.01
1384127520,329.73
1384185120,348.0
1384242720,347.71
1384300320,354.9
1384357920,375.01
1384415520,403.28
1384473120,415.0
1384530720,429.24
1384588320,
1384645920,435.15
1384703520,461.0
1384761120,529.0
1384818720,660.2
1384876320,600.0
1384933920,495.0
1384991520,597.99
1385049120,702.4
1385106720,701.0
1385164320,798.0
1385221920,
1385279520,792.53
1385337120,807.5
1385394720,819.3
1385452320,834.45
1385509920,917.85
1385567520,960.0
1385625120,
1385682720,1010.27
1385740320,1097.45
1385797920,
1385855520,1119.0
1385913120,981.0
1385970720,1048.01
1386028320,1043.98
1386085920,1052.97
1386143520,
1386201120,1136.9
1386258720,977.11
1386316320,980.0
1386373920,797.0
1386431520,735.0
1386489120,749.33
1386546720,786.6
1386604320,871.0
1386661920,929.0
1386719520,980.0
1386777120,899.0
1386834720,863.0
1386892320,872.11
1386949920,885.0
1387007520,
1387065120,851.03
1387122720,848.0
1387180320,841.1
1387237920,687.77
1387295520,684.9
1387353120,525.96
1387410720,520.51
1387468320,657.0
1387525920,708.42
1387583520,614.99
1387641120,582.48
1387698720,624.0
1387756320,612.7
1387813920,637.5
1387871520,650.76
1387929120,
1387986720,661.19
1388044320,709.0
1388101920,745.38
1388159520,719.79
1388217120,724.86
1388274720,
1388332320,713.95
1388389920,
1388447520,736.5
1388505120,735.77
1388562720,745.4
1388620320,749.27
1388677920,750.11
1388735520,784.49
1388793120,
1388850720,813.13
1388908320,834.72
1388965920,904.4
1389023520,911.07
1389081120,
1389138720,799.0
1389196320,804.0
1389253920,835.2
1389311520,826.24
1389369120,
1389426720,860.27
1389484320,891.5
1389541920,856.0
1389599520,823.28
1389657120,821.67
1389714720,820.0
1389772320,834.0
1389829920,841.83
1389887520,829.37
1389945120,813.0
1390002720,792.0
1390060320,801.45
1390117920,804.73
1390175520,841.1
1390233120,820.0
1390290720,820.12
1390348320,824.78
1390405920,810.51
1390463520,816.29
1390521120,812.0
1390578720,789.0
1390636320,791.87
1390693920,805.0
1390751520,823.0
1390809120,816.5
1390866720,749.45
1390924320,795.0
1390981920,
1391039520,794.0
1391097120,788.3
1391154720,802.04
1391212320,
1391269920,820.0
1391327520,824.88
1391385120,813.13
1391442720,811.98
1391500320,807.28
1391557920,800.21
1391615520,805.0
1391673120,772.23
1391730720,763.98
1391788320,715.0
1391845920,714.43
1391903520,682.0
1391961120,693.54
1392018720,690.95
1392076320,
1392133920,686.37
1392191520,651.0
1392249120,651.31
1392306720,649.0
1392364320,570.0
1392421920,669.0
1392479520,656.99
1392537120,
1392594720,621.63
1392652320,645.0
1392709920,634.71
1392767520,627.2
1392825120,626.0
1392882720,610.07
1392940320,563.0
1392997920,566.2
1393055520,
1393113120,610.0
1393170720,627.6
1393228320,566.5
1393285920,543.85
1393343520,523.0
1393401120,592.73
1393458720,588.83
1393516320,585.5
1393573920,575.0
1393631520,552.2
1393689120,562.28
1393746720,
1393804320,570.0
1393861920,627.0
1393919520,674.6
1393977120,673.94
1394034720,667.74
1394092320,667.0
1394149920,668.42
1394207520,634.98
1394265120,623.15
1394322720,620.52
1394380320,641.02
1394437920,
1394495520,629.03
1394553120,621.87
1394610720,
1394668320,
1394725920,
1394783520,638.0
1394841120,
1394898720,
1394956320,
1395013920,634.98
1395071520,625.7
1395129120,613.78
1395186720,615.42
1395244320,610.45
1395301920,603.0
1395359520,588.0
1395417120,574.5
1395474720,567.09
1395532320,565.43
1395589920,563.81
1395647520,
1395705120,585.58
1395762720,577.96
1395820320,569.27
1395877920,579.2
1395935520,523.99
1395993120,513.47
1396050720,499.63
1396108320,500.97
1396165920,479.24
1396223520,456.0
1396281120,465.46
1396338720,482.0
1396396320,479.0
1396453920,451.73
1396511520,
1396569120,
1396626720,444.0
1396684320,449.8
1396741920,460.69
1396799520,454.24
1396857120,459.99
1396914720,448.98
1396972320,
1397029920,453.26
1397087520,
1397145120,394.9
1397202720,401.59
1397260320,423.4
1397317920,423.68
1397375520,
1397433120,417.58
1397490720,461.21
1397548320,
1397605920,523.0
1397663520,
1397721120,511.39
1397778720,498.2
1397836320,482.57
1397893920,494.4
1397951520,503.8
1398009120,499.0
1398066720,
1398124320,
1398181920,495.95
1398239520,491.73
1398297120,
1398354720,489.45
1398412320,457.0
1398469920,466.51
1398527520,467.88
1398585120,
1398642720,
1398700320,445.99
1398757920,
1398815520,448.0
1398873120,446.0
1398930720,458.11
1398988320,460.97
1399045920,
1399103520,443.75
1399161120,
1399218720,437.49
1399276320,428.11
1399333920,433.0
1399391520,431.37
1399449120,427.02
1399506720,
1399564320,445.0
1399621920,
1399679520,450.1
1399737120,451.43
1399794720,446.66
1399852320,437.81
1399909920,443.0
1399967520,
1400025120,
1400082720,446.0
1400140320,448.5
1400197920,446.53
1400255520,
1400313120,
1400370720,
1400428320,
1400485920,446.48
1400543520,448.04
1400601120,478.61
1400658720,496.12
1400716320,
1400773920,517.0
1400831520,530.0
1400889120,523.49
1400946720,
1401004320,576.34
1401061920,570.0
1401119520,585.1
1401177120,569.99
1401234720,572.7
1401292320,576.0
1401349920,567.0
1401407520,
1401465120,608.5
1401522720,626.99
1401580320,626.39
1401637920,658.62
1401695520,624.02
1401753120,665.09
1401810720,671.9
1401868320,637.0
1401925920,643.5
1401983520,665.64
1402041120,
1402098720,649.0
1402156320,
1402213920,
1402271520,657.11
1402329120,
1402386720,657.26
1402444320,
1402501920,638.2
1402559520,
1402617120,574.85
1402674720,582.99
1402732320,580.0
1402789920,572.28
1402847520,
1402905120,599.9
1402962720,586.0
1403020320,597.91
1403077920,609.17
1403135520,608.0
1403193120,605.5
1403250720,589.2
1403308320,593.48
1403365920,
1403423520,600.5
1403481120,
1403538720,
1403596320,585.47
1403653920,574.98
1403711520,566.0
1403769120,569.09
1403826720,
1403884320,
1403941920,
1403999520,591.8
1404057120,
1404114720,625.9
1404172320,636.53
1404229920,
1404287520,646.94
1404345120,649.31
1404402720,645.85
1404460320,641.92
1404517920,627.26
1404575520,630.1
1404633120,
1404690720,
1404748320,619.0
1404805920,
1404863520,
1404921120,624.4
1404978720,621.0
1405036320,
1405093920,629.14
1405151520,634.21
1405209120,
1405266720,
1405324320,
1405381920,621.58
1405439520,624.99
1405497120,621.68
1405554720,616.86
1405612320,625.94
1405669920,
1405727520,631.85
1405785120,
1405842720,
1405900320,627.0
1405957920,
1406015520,623.79
1406073120,620.0
1406130720,
1406188320,617.69
1406245920,
1406303520,
1406361120,595.17
1406418720,
1406476320,592.16
1406533920,582.61
1406591520,
1406649120,581.93
1406706720,581.37
1406764320,563.36
1406821920,
1406879520,587.67
1406937120,595.77
1406994720,586.99
1407052320,
1407109920,
1407167520,
1407225120,583.75
1407282720,581.96
1407340320,582.99
1407397920,
1407455520,586.0
1407513120,
1407570720,
1407628320,
1407685920,
1407743520,587.51
1407801120,
1407858720,567.46
1407916320,556.53
1407973920,549.98
1408031520,507.0
1408089120,518.93
1408146720,
1408204320,
1408261920,
1408319520,500.54
1408377120,477.5
1408434720,479.21
1408492320,490.0
1408549920,505.66
1408607520,524.81
1408665120,521.12
1408722720,523.14
1408780320,509.99
1408837920,496.97
1408895520,
1408953120,498.15
1409010720,502.39
1409068320,514.0
1409125920,
1409183520,510.22
1409241120,507.05
1409298720,505.35
1409356320,
1409413920,502.56
1409471520,493.93
1409529120,
1409586720,481.25
1409644320,473.55
1409701920,
1409759520,475.0
1409817120,475.41
1409874720,487.6
1409932320,
1409989920,477.96
1410047520,479.59
1410105120,480.89
1410162720,467.0
1410220320,467.8
1410277920,463.0
1410335520,
1410393120,477.75
1410450720,473.41
1410508320,472.59
1410565920,474.63
1410623520,478.0
1410681120,
1410738720,475.48
1410796320,474.64
1410853920,
1410911520,463.47
1410969120,456.0
1411026720,448.48
1411084320,425.65
1411141920,404.89
1411199520,417.19
1411257120,
1411314720,406.81
1411372320,404.86
1411429920,
1411487520,398.86
1411545120,424.04
1411602720,423.66
1411660320,412.47
1411717920,406.04
1411775520,
1411833120,
1411890720,
1411948320,375.24
1412005920,380.98
1412063520,374.98
1412121120,390.18
1412178720,384.6
1412236320,380.8
1412293920,375.78
1412351520,366.75
1412409120,
1412466720,328.39
1412524320,280.07
1412581920,
1412639520,327.68
1412697120,328.31
1412754720,333.49
1412812320,357.16
1412869920,385.21
1412927520,371.0
1412985120,360.54
1413042720,353.67
1413100320,360.7
1413157920,380.4
1413215520,
1413273120,406.27
1413330720,402.03
1413388320,389.02
1413445920,
1413503520,383.85
1413561120,377.9
1413618720,
1413676320,390.92
1413733920,391.06
1413791520,379.21
1413849120,
1413906720,389.15
1413964320,385.78
1414021920,384.07
1414079520,362.31
1414137120,359.66
1414194720,358.49
1414252320,350.56
1414309920,352.17
1414367520,355.3
1414425120,
1414482720,354.98
1414540320,355.86
1414597920,
1414655520,340.0
1414713120,
1414770720,342.94
1414828320,331.01
1414885920,324.53
1414943520,323.58
1415001120,
1415058720,326.66
1415116320,329.41
1415173920,337.07
1415231520,338.9
1415289120,347.97
1415346720,347.74
1415404320,342.19
1415461920,
1415519520,347.25
1415577120,365.94
1415634720,373.44
1415692320,370.5
1415749920,
1415807520,402.27
1415865120,444.24
1415922720,420.31
1415980320,400.21
1416037920,
1416095520,376.99
1416153120,
1416210720,397.5
1416268320,
1416325920,
1416383520,385.83
1416441120,379.05
1416498720,361.0
1416556320,346.69
1416613920,
1416671520,358.79
1416729120,
1416786720,368.19
1416844320,
1416901920,385.16
1416959520,375.0
1417017120,377.19
1417074720,371.8
1417132320,369.97
1417189920,373.04
1417247520,379.46
1417305120,375.77
1417362720,375.29
1417420320,379.34
1417477920,377.42
1417535520,381.82
1417593120,379.98
1417650720,375.99
1417708320,370.4
1417765920,368.82
1417823520,
1417881120,
1417938720,
1417996320,
1418053920,368.87
1418111520,350.16
1418169120,351.31
1418226720,351.5
1418284320,362.06
1418341920,348.89
1418399520,354.89
1418457120,349.14
1418514720,351.77
1418572320,351.83
1418629920,353.0
1418687520,
1418745120,337.89
1418802720,328.94
1418860320,321.34
1418917920,312.0
1418975520,317.13
1419033120,317.45
1419090720,327.99
1419148320,
1419205920,321.14
1419263520,330.43
1419321120,
1419378720,336.2
1419436320,330.15
1419493920,
1419551520,
1419609120,324.99
1419666720,
1419724320,
1419781920,315.99
1419839520,314.79
1419897120,310.78
1419954720,313.0
1420012320,313.63
1420069920,
1420127520,
1420185120,
1420242720,315.65
1420300320,301.62
1420357920,
1420415520,263.09
1420861440,
1420919040,
1420976640,
1421034240,270.32
1421091840,271.71
1421149440,232.38
1421207040,219.75
1421264640,180.06
1421322240,212.54
1421379840,216.8
1421437440,208.15
1421495040,
1421552640,197.28
1421610240,212.14
1421667840,
1421725440,213.94
1421783040,214.28
1421840640,213.96
1421898240,232.35
1421955840,233.03
1422013440,
1422071040,
1422128640,245.73
1422186240,246.0
1422243840,284.01
1422301440,266.48
1422359040,251.75
1422416640,259.04
1422474240,239.69
1422531840,231.99
1422589440,
1422647040,230.94
1422704640,229.78
1422762240,220.03
1422819840,229.0
1422877440,224.98
1422935040,237.01
1422992640,228.84
1423050240,
1423107840,227.12
1423165440,218.27
1423223040,216.94
1423280640,
1423338240,228.0
1423395840,228.85
1423453440,
1423511040,220.0
1423568640,216.09
1423626240,223.06
1423683840,221.9
1423741440,219.42
1423799040,
1423856640,237.78
1423914240,247.97
1423971840,
1424029440,235.84
1424087040,234.99
1424144640,235.75
1424202240,244.61
1424259840,241.78
1424317440,
1424375040,244.23
1424432640,244.9
1424490240,
1424547840,
1424605440,
1424663040,
1424720640,236.8
1424778240,238.7
1424835840,
1424893440,238.88
1424951040,
1425008640,238.15
1425066240,255.66
1425123840,
1425181440,251.7
1425239040,
1425296640,257.7
1425354240,
1425411840,281.0
1425469440,278.5
1425527040,269.14
1425584640,266.61
1425642240,
1425699840,
1425757440,277.35
1425815040,273.98
1425872640,279.13
1425930240,285.94
1425987840,292.64
1426045440,290.13
1426103040,
1426160640,
1426218240,
1426275840,287.91
1426333440,284.41
1426391040,
1426448640,285.15
1426506240,
1426563840,
1426621440,287.88
1426679040,270.85
1426736640,253.99
1426794240,256.75
1426851840,259.74
1426909440,261.04
1426967040,260.24
1427024640,260.08
1427082240,
1427139840,262.31
1427197440,257.68
1427255040,246.61
1427312640,244.83
1427370240,250.74
1427427840,
1427485440,248.35
1427543040,
1427600640,
1427658240,
1427715840,244.6
1427773440,
1427831040,243.66
1427888640,242.67
1427946240,246.78
1428003840,
1428061440,252.99
1428119040,
1428176640,252.92
1428234240,254.76
1428291840,
1428349440,255.35
1428407040,253.86
1428464640,
1428522240,244.5
1428579840,
1428637440,
1428695040,235.8
1428752640,234.37
1428810240,
1428867840,236.7
1428925440,234.04
1428983040,
1429040640,216.9
1429098240,220.4
1429155840,225.08
1429213440,228.28
1429271040,223.48
1429328640,
1429386240,222.81
1429443840,226.03
1429501440,
1429559040,223.85
1429616640,224.95
1429674240,235.92
1429731840,237.05
1429789440,
1429847040,
1429904640,231.33
1429962240,228.08
1430019840,219.63
1430077440,218.2
1430135040,218.81
1430192640,226.55
1430250240,224.51
1430307840,224.07
1430365440,225.62
1430423040,236.58
1430480640,233.77
1430538240,232.95
1430595840,234.39
1430653440,240.55
1430711040,
1430768640,237.77
1430826240,232.83
1430883840,234.27
1430941440,234.26
1430999040,230.08
1431056640,236.74
1431114240,244.5
1431171840,240.0
1431229440,
1431287040,239.0
1431344640,239.46
1431402240,239.45
1431459840,241.1
1431517440,242.69
1431575040,
1431632640,
1431690240,237.11
1431747840,236.84
1431805440,236.0
1431863040,
1431920640,236.06
1431978240,235.17
1432035840,232.17
1432093440,232.76
1432151040,233.6
1432208640,
1432266240,
1432323840,
1432381440,
1432439040,
1432496640,
1432554240,
1432611840,235.98
1432669440,235.89
1432727040,235.81
1432784640,
1432842240,236.43
1432899840,235.55
1432957440,234.92
1433015040,
1433072640,
1433130240,
1433187840,222.1
1433245440,
1433303040,225.11
1433360640,226.73
1433418240,224.7
1433475840,
1433533440,225.01
1433591040,
1433648640,
1433706240,
1433763840,224.45
1433821440,
1433879040,229.45
1433936640,229.55
1433994240,
1434051840,228.24
1434109440,
1434167040,
1434224640,230.45
1434282240,
1434339840,
1434397440,236.69
1434455040,240.41
1434512640,
1434570240,250.75
1434627840,249.0
1434685440,
1434743040,
1434800640,
1434858240,
1434915840,
1434973440,245.97
1435031040,246.68
1435088640,
1435146240,243.0
1435203840,241.0
1435261440,241.85
1435319040,241.64
1435376640,
1435434240,
1435491840,249.0
1435549440,250.14
1435607040,254.55
1435664640,261.73
1435722240,261.3
1435779840,258.54
1435837440,
1435895040,255.99
1435952640,
1436010240,
1436067840,260.81
1436125440,271.72
1436183040,272.47
1436240640,271.69
1436298240,266.54
1436355840,
1436413440,268.89
1436471040,268.97
1436528640,286.16
1436586240,
1436643840,
1436701440,307.86
1436759040,
1436816640,287.96
1436874240,288.61
1436931840,289.47
1436989440,291.26
1437047040,
1437104640,277.73
1437162240,279.15
1437219840,278.28
1437277440,277.11
1437335040,275.47
1437392640,
1437450240,280.52
1437507840,279.6
1437565440,277.19
1437623040,277.96
1437680640,277.07
1437738240,
1437795840,289.74
1437853440,288.48
1437911040,
1437968640,292.83
1438026240,294.5
1438083840,293.38
1438141440,
1438199040,291.39
1438256640,
1438314240,
1438371840,286.15
1438429440,279.8
1438487040,
1438544640,
1438602240,282.9
1438659840,
1438717440,285.32
1438775040,281.76
1438832640,280.87
1438890240,278.0
1438947840,
1439005440,278.94
1439063040,268.88
1439120640,265.43
1439178240,
1439235840,
1439293440,266.34
1439351040,269.2
1439408640,269.11
1439466240,263.16
1439523840,262.44
1439581440,265.93
1439639040,265.48
1439696640,261.36
1439754240,257.01
1439811840,257.29
1439869440,
1439927040,252.71
1439984640,231.77
1440042240,232.28
1440099840,235.22
1440157440,
1440215040,
1440272640,225.57
1440330240,231.24
1440387840,227.88
1440445440,216.24
1440503040,213.11
1440560640,221.0
1440618240,227.55
1440675840,226.0
1440733440,224.51
1440791040,232.47
1440848640,231.23
1440906240,
1440963840,227.1
1441021440,229.93
1441079040,229.32
1441136640,227.43
1441194240,228.61
1441251840,
1441309440,
1441367040,229.58
1441424640,
1441482240,
1441539840,
1441597440,240.93
1441655040,
1441712640,244.84
1441770240,243.98
1441827840,240.25
1441885440,
1441943040,
1442000640,239.55
1442058240,239.25
1442115840,
1442173440,229.38
1442231040,227.32
1442288640,
1442346240,229.11
1442403840,225.63
1442461440,229.25
1442519040,232.99
1442576640,232.93
1442634240,
1442691840,
1442749440,230.98
1442807040,228.84
1442864640,227.28
1442922240,
1442979840,231.19
1443037440,230.65
1443095040,230.14
1443152640,
1443210240,235.99
1443267840,
1443325440,
1443383040,
1443440640,
1443498240,238.1
1443555840,237.54
1443613440,235.67
1443671040,
1443728640,238.71
1443786240,
1443843840,
1443901440,
1443959040,
1444016640,
1444074240,239.22
1444131840,241.17
1444189440,
1444247040,245.21
1444304640,243.21
1444362240,
1444419840,244.67
1444477440,244.06
1444535040,
1444592640,247.59
1444650240,247.77
1444707840,244.31
1444765440,
1444823040,249.94
1444880640,254.35
1444938240,
1444995840,259.02
1445053440,265.07
1445111040,264.64
1445168640,
1445226240,263.1
1445283840,
1445341440,266.33
1445399040,270.27
1445456640,269.17
1445514240,277.8
1445571840,275.22
1445629440,277.67
1445687040,279.3
1445744640,288.63
1445802240,293.4
1445859840,285.05
1445917440,290.93
1445975040,296.99
1446032640,301.68
1446090240,304.8
1446147840,312.28
1446205440,323.75
1446263040,331.6
1446320640,309.34
1446378240,319.85
1446435840,325.61
1446493440,348.8
1446551040,376.15
1446608640,437.7
1446666240,464.71
1446723840,388.37
1446781440,362.8
1446839040,370.93
1446896640,389.02
1446954240,
1447011840,381.0
1447069440,381.3
1447127040,377.85
1447184640,
1447242240,317.0
1447299840,318.68
1447357440,326.92
1447415040,326.98
1447472640,
1447530240,332.5
1447587840,332.08
1447645440,318.61
1447703040,329.03
1447760640,334.14
1447818240,
1447875840,334.68
1447933440,333.75
1447991040,315.8
1448048640,320.06
1448106240,326.82
1448163840,325.94
1448221440,322.44
1448279040,323.31
1448336640,320.04
1448394240,320.21
1448451840,324.47
1448509440,
1448567040,344.11
1448624640,
1448682240,355.17
1448739840,356.5
1448797440,364.11
1448855040,374.02
1448912640,375.99
1448970240,360.57
1449027840,
1449085440,358.53
1449143040,
1449200640,
1449258240,361.95
1449315840,379.79
1449373440,392.42
1449431040,395.0
1449488640,393.62
1449546240,394.23
1449603840,395.78
1449661440,424.72
1449719040,413.31
1449776640,415.52
1449834240,436.0
1449891840,467.0
1449949440,428.98
1450007040,435.89
1450064640,436.37
1450122240,444.24
1450179840,454.71
1450237440,461.81
1450295040,455.0
1450352640,
1450410240,456.37
1450467840,459.77
1450525440,
1450583040,459.43
1450640640,441.0
1450698240,
1450755840,438.79
1450813440,
1450871040,442.53
1450928640,454.99
1450986240,453.44
1451043840,452.9
1451101440,452.47
1451159040,420.01
1451216640,423.21
1451274240,427.68
1451331840,421.0
1451389440,423.75
1451447040,431.5
1451504640,425.16
1451562240,424.22
1451619840,431.8
1451677440,434.0
1451735040,433.64
1451792640,
1451850240,425.98
1451907840,
1451965440,433.9
1452023040,432.23
1452080640,429.98
1452138240,441.56
1452195840,455.68
1452253440,
1452311040,451.75
1452368640,450.0
1452426240,442.29
1452483840,
1452541440,447.46
1452599040,445.18
1452656640,433.0
1452714240,428.89
1452771840,428.61
1452829440,417.45
1452887040,389.69
1452944640,369.07
1453002240,
1453059840,384.76
1453117440,
1453175040,
1453232640,377.73
1453290240,
1453347840,417.0
1453405440,408.5
1453463040,394.1
1453520640,388.27
1453578240,389.5
1453635840,399.02
1453693440,397.91
1453751040,390.3
1453808640,393.83
1453866240,
1453923840,393.73
1453981440,382.68
1454039040,
1454096640,377.55
1454154240,378.36
1454211840,
1454269440,377.9
1454327040,374.11
1454384640,373.12
1454442240,373.26
1454499840,371.67
1454557440,370.0
1454615040,386.91
1454672640,388.72
1454730240,378.43
1454787840,
1454845440,376.66
1454903040,
1454960640,371.0
1455018240,
1455075840,
1455133440,379.5
1455191040,379.42
1455248640,378.0
1455306240,
1455363840,387.62
1455421440,396.37
1455479040,399.82
1455536640,398.0
1455594240,
1455651840,406.0
1455709440,412.83
1455767040,417.46
1455824640,
1455882240,
1455939840,
1455997440,
1456055040,
1456112640,436.03
1456170240,436.42
1456227840,
1456285440,
1456343040,423.98
1456400640,423.52
1456458240,420.75
1456515840,
1456573440,430.21
1456631040,
1456688640,433.39
1456746240,436.48
1456803840,435.96
1456861440,431.09
1456919040,432.0
1456976640,422.06
1457034240,417.85
1457091840,416.61
1457149440,
1457207040,401.66
1457264640,408.61
1457322240,407.64
1457379840,413.59
1457437440,410.7
1457495040,411.02
1457552640,412.56
1457610240,411.39
1457667840,
1457725440,419.2
1457783040,
1457840640,411.76
1457898240,412.69
1457955840,
1458013440,
1458071040,415.32
1458128640,416.0
1458186240,
1458243840,418.51
1458301440,413.86
1458359040,406.19
1458416640,405.6
1458474240,
1458531840,407.74
1458589440,411.2
1458647040,
1458704640,416.56
1458762240,418.39
1458819840,414.58
1458877440,
1458935040,
1458992640,414.07
1459050240,
1459107840,425.97
1459165440,424.26
1459223040,
1459280640,414.9
1459338240,413.38
1459395840,414.7
1459453440,416.59
1459511040,415.34
1459568640,418.2
1459626240,418.71
1459683840,417.84
1459741440,419.1
1459799040,
1459856640,421.67
1459914240,
1459971840,421.74
1460029440,419.65
1460087040,
1460144640,417.83
1460202240,417.22
1460259840,417.75
1460317440,420.36
1460375040,420.0
1460432640,424.16
1460490240,424.62
1460547840,424.2
1460605440,424.72
1460663040,423.87
1460720640,427.2
1460778240,
1460835840,428.92
1460893440,428.6
1460951040,427.45
1461008640,
1461066240,
1461123840,434.66
1461181440,440.91
1461239040,443.65
1461296640,446.55
1461354240,449.79
1461411840,447.19
1461469440,454.36
1461527040,462.2
1461584640,455.69
1461642240,465.38
1461699840,
1461757440,464.68
1461815040,440.0
1461872640,449.0
1461930240,449.8
1461987840,
1462045440,449.05
1462103040,
1462160640,
1462218240,442.04
1462275840,449.0
1462333440,449.06
1462391040,446.69
1462448640,445.33
1462506240,
1462563840,
1462621440,
1462679040,
1462736640,
1462794240,455.9
1462851840,460.8
1462909440,453.75
1462967040,
1463024640,
1463082240,451.86
1463139840,455.28
1463197440,
1463255040,
1463312640,
1463370240,457.69
1463427840,453.83
1463485440,454.18
1463543040,454.15
1463600640,
1463658240,
1463715840,
1463773440,440.83
1463831040,
1463888640,
1463946240,438.44
1464003840,441.5
1464061440,
1464119040,445.7
1464176640,
1464234240,
1464291840,451.45
1464349440,473.89
1464407040,483.97
1464464640,494.3
1464522240,
1464579840,
1464637440,529.1
1464695040,541.48
1464752640,526.5
1464810240,533.5
1464867840,
1464925440,
1464983040,
1465040640,571.53
1465098240,574.0
1465155840,573.4
1465213440,582.01
1465271040,587.0
1465328640,576.28
1465386240,580.9
1465443840,579.68
1465501440,576.11
1465559040,
1465616640,
1465674240,583.72
1465731840,643.9
1465789440,674.0
1465847040,684.0
1465904640,686.85
1465962240,683.81
1466019840,693.52
1466077440,734.97
1466135040,775.0
1466192640,756.44
1466250240,749.5
1466307840,
1466365440,759.96
1466423040,753.31
1466480640,697.68
1466538240,656.45
1466595840,667.67
1466653440,580.0
1466711040,614.54
1466768640,
1466826240,684.45
1466883840,653.43
1466941440,644.08
1466999040,640.88
1467056640,644.43
1467114240,649.17
1467171840,629.08
1467229440,634.0
1467287040,649.82
1467344640,679.0
1467402240,674.16
1467459840,695.0
1467517440,
1467575040,
1467632640,667.24
1467690240,677.52
1467747840,670.15
1467805440,671.77
1467863040,
1467920640,620.95
1467978240,641.0
1468035840,
1468093440,
1468151040,
1468208640,
1468266240,
1468323840,
1468381440,662.93
1468439040,
1468496640,660.39
1468554240,665.0
1468611840,
1468669440,
1468727040,664.46
1468784640,679.98
1468842240,679.01
1468899840,
1468957440,668.04
1469015040,671.75
1469072640,662.69
1469130240,
1469187840,660.01
1469245440,652.7
1469303040,
1469360640,653.27
1469418240,
1469475840,
1469533440,647.4
1469591040,649.61
1469648640,
1469706240,654.4
1469763840,
1469821440,
1469879040,
1469936640,
1469994240,628.37
1470051840,
1470109440,603.0
1470167040,559.95
1470224640,543.29
1470282240,570.86
1470339840,561.25
1470397440,
1470455040,
1470512640,581.61
1470570240,592.99
1470627840,
1470685440,
1470743040,586.99
1470800640,584.9
1470858240,
1470915840,594.96
1470973440,
1471031040,
1471088640,589.98
1471146240,579.0
1471203840,565.03
1471261440,570.03
1471319040,
1471376640,577.98
1471434240,574.46
1471491840,
1471549440,573.69
1471607040,572.15
1471664640,
1471722240,
1471779840,578.71
1471837440,
1471895040,580.0
1471952640,579.52
1472010240,
1472067840,579.51
1472125440,575.2
1472183040,575.96
1472240640,578.42
1472298240,573.7
1472355840,
1472413440,570.24
1472471040,574.0
1472528640,
1472586240,575.99
1472643840,572.49
1472701440,572.05
1472759040,569.72
1472816640,569.55
1472874240,
1472931840,585.01
1472989440,597.0
1473047040,604.65
1473104640,
1473162240,606.23
1473219840,607.75
1473277440,613.88
1473335040,628.98
1473392640,623.08
1473450240,620.83
1473507840,
1473565440,621.03
1473623040,599.82
1473680640,605.88
1473738240,608.08
1473795840,608.87
1473853440,609.4
1473911040,
1473968640,605.67
1474026240,607.07
1474083840,605.01
1474141440,604.52
1474199040,606.52
1474256640,
1474314240,
1474371840,606.96
1474429440,596.5
1474487040,593.87
1474544640,
1474602240,
1474659840,
1474717440,
1474775040,
1474832640,
1474890240,
1474947840,602.99
1475005440,
1475063040,604.17
1475120640,603.87
1475178240,604.84
1475235840,605.08
1475293440,
1475351040,613.99
1475408640,608.14
1475466240,
1475523840,610.98
1475581440,608.59
1475639040,
1475696640,
1475754240,610.0
1475811840,
1475869440,
1475927040,
1475984640,
1476042240,614.35
1476099840,614.33
1476157440,
1476215040,
1476272640,636.98
1476330240,
1476387840,
1476445440,
1476503040,638.51
1476560640,638.39
1476618240,640.0
1476675840,
1476733440,
1476791040,637.8
1476848640,634.06
1476906240,
1476963840,627.69
1477021440,630.49
1477079040,630.18
1477136640,635.4
1477194240,652.83
1477251840,
1477309440,649.99
1477367040,
1477424640,653.77
1477482240,661.91
1477539840,
1477597440,682.03
1477655040,685.98
1477712640,
1477770240,712.17
1477827840,704.0
1477885440,690.98
1477943040,
1478000640,730.91
1478058240,
1478115840,725.99
1478173440,742.0
1478231040,
1478288640,
1478346240,701.91
1478403840,711.33
1478461440,704.95
1478519040,703.95
1478576640,
1478634240,707.46
1478691840,
1478749440,718.98
1478807040,
1478864640,715.97
1478922240,
1478979840,702.01
1479037440,692.09
1479095040,700.82
1479152640,700.39
1479210240,710.46
1479267840,
1479325440,736.23
1479383040,742.07
1479440640,
1479498240,743.59
1479555840,746.0
1479613440,752.0
1479671040,725.69
1479728640,
1479786240,735.48
1479843840,
1479901440,740.38
1479959040,
1480016640,
1480074240,733.49
1480131840,
1480189440,
1480247040,724.97
1480304640,
1480362240,729.85
1480419840,730.0
1480477440,
1480535040,741.76
1480592640,745.29
1480650240,
1480707840,767.23
1480765440,760.89
1480823040,
1480880640,758.93
1480938240,745.85
1480995840,
1481053440,757.83
1481111040,
1481168640,763.97
1481226240,769.01
1481283840,772.11
1481341440,
1481399040,772.98
1481456640,
1481514240,769.58
1481571840,
1481629440,
1481687040,778.31
1481744640,776.01
1481802240,778.31
1481859840,776.4
1481917440,
1481975040,789.18
1482032640,
1482090240,785.0
1482147840,
1482205440,
1482263040,791.82
1482320640,807.54
1482378240,845.01
1482435840,
1482493440,905.2
1482551040,908.52
1482608640,898.83
1482666240,864.64
1482723840,902.68
1482781440,
1482839040,918.02
1482896640,950.32
1482954240,968.92
1483011840,977.0
1483069440,958.14
1483127040,959.47
1483184640,953.33
1483242240,964.0
1483299840,
1483357440,1024.22
1483415040,1023.85
1483472640,1018.02
1483530240,1075.65
1483587840,1123.98
1483645440,957.04
1483703040,884.51
1483760640,831.36
1483818240,893.12
1483875840,921.36
1483933440,887.97
1483991040,892.06
1484048640,895.93
1484106240,907.72
1484163840,810.5
1484221440,764.17
1484279040,799.47
1484336640,826.22
1484394240,832.15
1484451840,820.0
1484509440,811.78
1484567040,821.87
1484624640,841.29
1484682240,902.16
1484739840,899.39
1484797440,888.99
1484855040,
1484912640,885.71
1484970240,921.13
1485027840,920.0
1485085440,931.92
1485143040,920.2
1485200640,919.26
1485258240,905.72
1485315840,900.89
1485373440,893.73
1485431040,
1485488640,912.02
1485546240,917.81
1485603840,
1485661440,
1485719040,913.36
1485776640,916.81
1485834240,919.8
1485891840,
1485949440,967.95
1486007040,
1486064640,1003.08
1486122240,999.03
1486179840,
1486237440,1034.42
1486295040,1021.31
1486352640,1017.73
1486410240,1019.95
1486467840,1046.17
1486525440,1065.35
1486583040,
1486640640,1063.52
1486698240,980.04
1486755840,987.22
1486813440,1006.03
1486871040,1007.26
1486928640,
1486986240,994.84
1487043840,996.71
1487101440,1005.36
1487159040,1006.79
1487216640,1020.19
1487274240,1039.44
1487331840,
1487389440,1060.53
1487447040,
1487504640,1053.68
1487562240,1045.74
1487619840,1061.86
1487677440,1112.0
1487735040,1114.9
1487792640,1138.9
1487850240,
1487907840,1194.57
1487965440,1182.94
1488023040,1183.71
1488080640,1141.7
1488138240,1176.3
1488195840,1187.6
1488253440,
1488311040,1198.91
1488368640,1203.05
1488426240,1226.0
1488483840,1266.05
1488541440,1287.15
1488599040,1275.24
1488656640,
1488714240,1246.0
1488771840,1266.04
1488829440,1276.45
1488887040,1221.94
1488944640,
1489002240,1185.18
1489059840,1165.7
1489117440,1201.67
1489175040,1265.48
1489232640,1184.18
1489290240,1177.99
1489347840,1234.5
1489405440,
1489463040,1240.08
1489520640,1248.57
1489578240,1253.23
1489635840,1246.9
1489693440,1184.0
1489751040,1144.88
1489808640,1064.0
1489866240,988.05
1489923840,992.78
1489981440,1040.1
1490039040,1029.1
1490096640,
1490154240,1093.96
1490211840,1017.55
1490269440,1046.45
1490327040,1016.01
1490384640,969.81
1490442240,907.19
1490499840,
1490557440,
1490615040,994.95
1490672640,1030.83
1490730240,1028.5
1490787840,1054.27
1490845440,1037.56
1490903040,1025.33
1490960640,1044.0
1491018240,1068.6
1491075840,1074.11
1491133440,1076.75
1491191040,1118.62
1491248640,1142.75
1491306240,1140.0
1491363840,1137.5
1491421440,
1491479040,1172.8
1491536640,1183.89
1491594240,1196.56
1491651840,1188.36
1491709440,
1491767040,1210.99
1491824640,1213.0
1491882240,1201.2
1491939840,1218.99
1491997440,1218.45
1492055040,
1492112640,1171.24
1492170240,1159.17
1492227840,
1492285440,1182.64
1492343040,
1492400640,
1492458240,1181.96
1492515840,1209.76
1492573440,
1492631040,1205.05
1492688640,1220.0
1492746240,1235.02
1492803840,1237.78
1492861440,1233.96
1492919040,1224.58
1492976640,1238.83
1493034240,1240.16
1493091840,1253.14
1493149440,1277.0
1493207040,1283.32
1493264640,
1493322240,1322.16
1493379840,1305.01
1493437440,
1493495040,
1493552640,1329.82
1493610240,1360.3
1493667840,1407.9
1493725440,1465.04
1493783040,
1493840640,1498.15
1493898240,1553.99
1493955840,1562.28
1494013440,1523.59
1494071040,1559.02
1494128640,1556.37
1494186240,1530.06
1494243840,1567.91
1494301440,1666.01
1494359040,1737.47
1494416640,1748.0
1494474240,1765.39
1494531840,1835.56
1494589440,1812.65
1494647040,1637.94
1494704640,1720.78
1494762240,1785.91
1494819840,1760.0
1494877440,1703.99
1494935040,1720.0
1494992640,1712.9
1495050240,1809.42
1495107840,1799.94
1495165440,1899.97
1495223040,1925.0
1495280640,1955.43
1495338240,2030.0
1495395840,2000.0
1495453440,2094.98
1495511040,2151.19
1495568640,2249.0
1495626240,2374.19
1495683840,2556.64
1495741440,2385.0
1495799040,2544.92
1495856640,2204.08
1495914240,2118.83
1495971840,2260.6
1496029440,
1496087040,2318.83
1496144640,2317.68
1496202240,2192.7
1496259840,2308.0
1496317440,2427.96
1496375040,2435.07
1496432640,2418.12
1496490240,2522.13
1496547840,2521.41
1496605440,
1496663040,2589.95
1496720640,2819.15
1496778240,2854.88
1496835840,2849.2
1496893440,2715.1
1496951040,2750.3
1497008640,2809.17
1497066240,
1497123840,2876.01
1497181440,2885.91
1497239040,2944.32
1497296640,2568.72
1497354240,2696.83
1497411840,2739.85
1497469440,2542.75
1497527040,2335.48
1497584640,2376.74
1497642240,2497.74
1497699840,2555.0
1497757440,2646.62
1497815040,2504.0
1497872640,2509.06
1497930240,2627.97
1497987840,2748.41
1498045440,2738.99
1498103040,2667.95
1498160640,2713.83
1498218240,2724.01
1498275840,2707.62
1498333440,2564.58
1498391040,2607.0
1498448640,
1498506240,2356.52
1498563840,2407.51
1498621440,2520.11
1498679040,2558.93
1498736640,2552.9
1498794240,2516.05
1498851840,2506.04
1498909440,2497.41
1498967040,
1499024640,2486.99
1499082240,2503.02
1499139840,2619.81
1499197440,2586.83
1499255040,2557.07
1499312640,
1499370240,2590.06
1499427840,2550.88
1499485440,2497.01
1499543040,2549.8
1499600640,2544.98
1499658240,2508.06
1499715840,2409.5
1499773440,2342.26
1499831040,
1499888640,2396.67
1499946240,2391.48
1500003840,2312.34
1500061440,2198.0
1500119040,2053.54
1500176640,2033.25
1500234240,1867.92
1500291840,2025.05
1500349440,2183.14
1500407040,2358.0
1500464640,2353.66
1500522240,2333.89
1500579840,2662.78
1500637440,2719.39
1500695040,
1500752640,2803.67
1500810240,2655.97
1500867840,2752.18
1500925440,2764.24
1500983040,2575.0
1501040640,2528.88
1501098240,2486.0
1501155840,2584.07
1501213440,2665.97
1501271040,2751.35
1501328640,2682.32
1501386240,2666.93
1501443840,
1501501440,2762.23
1501559040,2863.0
1501616640,2760.01
1501674240,2732.0
1501731840,
1501789440,2781.57
1501847040,2863.69
1501904640,3115.87
1501962240,3264.98
1502019840,3192.12
1502077440,3232.2
1502135040,
1502192640,3438.0
1502250240,3373.68
1502307840,3331.01
1502365440,3403.05
1502423040,3420.53
1502480640,3537.0
1502538240,3748.54
1502595840,4054.12
1502653440,3981.46
1502711040,4136.22
1502768640,4390.0
1502826240,4087.85
1502883840,4079.09
1502941440,4260.56
1502999040,4303.44
1503056640,4303.95
1503114240,4111.59
1503171840,4027.7
1503229440,4015.01
1503287040,4047.99
1503344640,4018.77
1503402240,3887.0
1503459840,4115.3
1503517440,4117.0
1503575040,4170.0
1503632640,4334.29
1503690240,4349.99
1503747840,4309.0
1503805440,4342.0
1503863040,4348.55
1503920640,4313.33
1503978240,4379.45
1504035840,4575.49
1504093440,4538.52
1504151040,4615.51
1504208640,4734.57
1504266240,4800.0
1504323840,4885.14
1504381440,4589.99
1504439040,4575.3
1504496640,4539.95
1504554240,4290.02
1504611840,4295.5
1504669440,4480.99
1504727040,4605.21
1504784640,4598.0
1504842240,
1504899840,4260.1
1504957440,4337.7
1505015040,4197.98
1505072640,
1505130240,4159.3
1505187840,4266.0
1505245440,4126.0
1505303040,3843.0
1505360640,3827.75
1505418240,3372.85
1505475840,3020.22
1505533440,3767.65
1505591040,3681.09
1505648640,3546.67
1505706240,3769.84
1505763840,3990.42
1505821440,3993.72
1505879040,3892.2
1505936640,3962.22
1505994240,3865.5
1506051840,3676.95
1506109440,3587.22
1506167040,3783.0
1506224640,3767.99
1506282240,3679.45
1506339840,3768.85
1506397440,3907.77
1506455040,3907.72
1506512640,4076.61
1506570240,4190.0
1506627840,4148.95
1506685440,4199.18
1506743040,4200.41
1506800640,4318.46
1506858240,4291.99
1506915840,4373.56
1506973440,4398.76
1507031040,4298.93
1507088640,
1507146240,4193.3
1507203840,
1507261440,4323.1
1507319040,4329.46
1507376640,4324.03
1507434240,
1507491840,4578.34
1507549440,4595.4
1507607040,4780.0
1507664640,4852.94
1507722240,4799.95
1507779840,4846.74
1507837440,5293.75
1507895040,5645.0
1507952640,5677.4
1508010240,5698.99
1508067840,5465.37
1508125440,5623.0
1508183040,5701.0
1508240640,5555.0
1508298240,5465.0
1508355840,5404.0
1508413440,5696.87
1508471040,5690.85
1508528640,5990.0
1508586240,6108.98
1508643840,5940.2
1508701440,5862.34
1508759040,5890.14
1508816640,5648.99
1508874240,5674.99
1508931840,5482.09
1508989440,5780.11
1509047040,5868.83
1509104640,5850.49
1509162240,5761.31
1509219840,5773.71
1509277440,5782.62
1509335040,6129.64
1509392640,6094.0
1509450240,6202.87
1509507840,6424.01
1509565440,6580.63
1509623040,6960.0
1509680640,7175.71
1509738240,7293.03
1509795840,7117.62
1509853440,7407.78
1509911040,7553.98
1509968640,7347.91
1510026240,7130.43
1510083840,7080.0
1510141440,7473.45
1510199040,7349.13
1510256640,7168.98
1510314240,6900.0
1510371840,6777.87
1510429440,6361.64
1510487040,6379.82
1510544640,
1510602240,6480.72
1510659840,6564.79
1510717440,6864.0
1510775040,7221.64
1510832640,7385.23
1510890240,7956.0
1510947840,7792.03
1511005440,7749.76
1511063040,7778.3
1511120640,7987.97
1511178240,8035.67
1511235840,7938.23
1511293440,8172.99
1511351040,8291.1
1511408640,8197.37
1511466240,8159.29
1511523840,8244.21
1511581440,8150.0
1511639040,8614.42
1511696640,8890.89
1511754240,9515.98
1511811840,9499.97
1511869440,9897.0
1511927040,10280.0
1511984640,9300.0
1512042240,9825.0
1512099840,9742.39
1512157440,10609.2
1512215040,10834.6
1512272640,10974.93
1512330240,11707.8
1512387840,11282.0
1512445440,11579.99
1512503040,11742.29
1512560640,12631.93
1512618240,13691.38
1512675840,15380.01
1512733440,14240.0
1512791040,15438.26
1512848640,14099.97
1512906240,13489.99
1512963840,15962.94
1513021440,16580.0
1513079040,16679.32
1513136640,16575.0
1513194240,16250.01
1513251840,16534.13
1513309440,17247.97
1513367040,17625.5
1513424640,17985.0
1513482240,19075.0
1513539840,18622.01
1513597440,19099.9
1513655040,18970.61
1513712640,17932.18
1513770240,17452.92
1513827840,16423.18
1513885440,15281.87
1513943040,13748.02
1514000640,14655.65
1514058240,15000.0
1514115840,12849.99
1514173440,13678.91
1514231040,14114.9
1514288640,14995.7
1514346240,15691.95
1514403840,14914.07
1514461440,13904.8
1514519040,14900.64
1514576640,14585.77
1514634240,13578.5
1514691840,13301.73
1514749440,13920.0
1514807040,13244.52
1514864640,13399.53
1514922240,15000.0
1514979840,14897.98
1515037440,15150.0
1515095040,14989.0
1515152640,16070.0
1515210240,16634.19
1515267840,16732.06
1515325440,16732.22
1515383040,15692.85
1515440640,15065.02
1515498240,14839.0
1515555840,14255.0
1515613440,14331.7
1515671040,13429.25
1515728640,13641.3
1515786240,13744.08
1515843840,14193.49
1515901440,14240.71
1515959040,13477.23
1516016640,13729.88
1516074240,12825.22
1516131840,11740.41
1516189440,10200.19
1516247040,11455.0
1516304640,11771.09
1516362240,11817.04
1516419840,11758.56
1516477440,12803.11
1516535040,12114.99
1516592640,11489.96
1516650240,10649.29
1516707840,10080.0
1516765440,10780.12
1516823040,11175.04
1516880640,11291.65
1516938240,11536.46
1516995840,10934.03
1517053440,10853.13
1517111040,
1517168640,11620.68
1517226240,11112.7
1517283840,10913.08
1517341440,10200.0
1517399040,10290.72
1517456640,9938.99
1517514240,8751.68
1517571840,7983.51
1517629440,8185.2
1517687040,9279.95
1517744640,8854.34
1517802240,8170.92
1517859840,6715.0
1517917440,6226.54
1517975040,7265.99
1518032640,8072.05
1518090240,8531.94
1518147840,8020.19
1518205440,8660.87
1518263040,8690.63
1518320640,8069.85
1518378240,8275.7
1518435840,8685.74
1518493440,8719.18
1518551040,8610.6
1518608640,8865.03
1518666240,9665.88
1518723840,10126.68
1518781440,9758.82
1518839040,10461.41
1518896640,10720.05
1518954240,10584.79
1519011840,10599.63
1519069440,11152.75
1519127040,11445.9
1519184640,11058.11
1519242240,10392.44
1519299840,10247.01
1519357440,9734.75
1519415040,10082.97
1519472640,9795.0
1519530240,9607.88
1519587840,9526.41
1519645440,9727.59
1519703040,10317.9
1519760640,10730.38
1519818240,10610.0
1519875840,10304.29
1519933440,10878.3
1519991040,10909.41
1520048640,11295.0
1520106240,11464.99
1520163840,11162.41
1520221440,11574.0
1520279040,11664.69
1520336640,10907.01
1520394240,10694.16
1520451840,9766.7
1520509440,10025.23
1520567040,8993.47
1520624640,8740.0
1520682240,9402.62
1520739840,8577.48
1520797440,9677.76
1520855040,9797.42
1520912640,9053.29
1520970240,9030.95
1521027840,8726.89
1521085440,7966.6
1521143040,8295.57
1521200640,8174.41
1521258240,8211.25
1521315840,7795.44
1521373440,7708.77
1521431040,8198.59
1521488640,8384.65
1521546240,8529.43
1521603840,8975.88
1521661440,8891.1
1521719040,8704.0
1521776640,8420.72
1521834240,8634.0
1521891840,8772.28
1521949440,8532.34
1522007040,8604.42
1522064640,8126.44
1522122240,7868.0
1522179840,7880.0
1522237440,8034.98
1522295040,7852.59
1522352640,7370.0
1522410240,6970.41
1522467840,7029.23
1522525440,7051.0
1522583040,6707.85
1522640640,6961.22
1522698240,6964.76
1522755840,7309.27
1522813440,7323.38
1522871040,6861.78
1522928640,6783.4
1522986240,6772.96
1523043840,6609.99
1523101440,6855.86
1523159040,6941.89
1523216640,6996.89
1523274240,6769.44
1523331840,6758.37
1523389440,6842.99
1523447040,6852.38
1523504640,6931.11
1523562240,7679.89
1523619840,8130.0
1523677440,8031.25
1523735040,8001.72
1523792640,8347.55
1523850240,8167.1
1523907840,8028.83
1523965440,8115.11
1524023040,7929.45
1524080640,8119.06
1524138240,8207.42
1524195840,8337.41
1524253440,8525.1
1524311040,8663.86
1524368640,8831.39
1524426240,8881.86
1524483840,8910.46
1524541440,9197.94
1524599040,9422.39
1524656640,9058.45
1524714240,8813.69
1524771840,8868.99
1524829440,9307.86
1524887040,9092.99
1524944640,9381.02
1525002240,9218.99
1525059840,9374.7
1525117440,9321.45
1525175040,9015.4
1525232640,9028.71
1525290240,9104.2
1525347840,9194.02
1525405440,9588.13
1525463040,9650.0
1525520640,9867.39
1525578240,9844.96
1525635840,9471.06
1525693440,9317.53
1525751040,9428.99
1525808640,9202.73
1525866240,9230.98
1525923840,9309.5
1525981440,9124.34
1526039040,8687.2
1526096640,8400.84
1526154240,8431.31
1526211840,8567.76
1526269440,8406.3
1526327040,8751.89
1526384640,8756.2
1526442240,8178.83
1526499840,8284.02
1526557440,8284.25
1526615040,7997.37
1526672640,8215.3
1526730240,8248.65
1526787840,8271.97
1526845440,8501.0
1526903040,8490.0
1526960640,8315.57
1527018240,8187.68
1527075840,7843.0
1527133440,7637.01
1527191040,7589.18
1527248640,7438.28
1527306240,7432.92
1527363840,7531.68
1527421440,7335.62
1527479040,7394.09
1527536640,7237.5
1527594240,7400.0
1527651840,7483.0
1527709440,7305.01
1527767040,7551.01
1527824640,7498.41
1527882240,7442.04
1527939840,7626.62
1527997440,7624.42
1528055040,7697.28
1528112640,7526.11
1528170240,7411.81
1528227840,7611.11
1528285440,7623.99
1528343040,7706.57
1528400640,7691.62
1528458240,7574.27
1528515840,7659.15
1528573440,7611.73
1528631040,7246.67
1528688640,6786.89
1528746240,6763.88
1528803840,6833.4
1528861440,6563.62
1528919040,6293.18
1528976640,6520.0
1529034240,6609.54
1529091840,6556.18
1529149440,6461.95
1529207040,6533.44
1529264640,6531.72
1529322240,6431.35
1529379840,6686.33
1529437440,6738.0
1529495040,6630.0
1529552640,6767.0
1529610240,6714.05
1529667840,6353.45
1529725440,6121.17
1529783040,6152.96
1529840640,5939.2
1529898240,6135.23
1529955840,6249.23
1530013440,6202.9
1530071040,6050.33
1530128640,6131.88
1530186240,6092.8
1530243840,5880.24
1530301440,5880.6
1530359040,6392.75
1530416640,6355.38
1530474240,6314.14
1530531840,6346.88
1530589440,6647.99
1530647040,6595.86
1530704640,6520.2
1530762240,6614.62
1530819840,6490.08
1530877440,6534.19
1530935040,6592.38
1530992640,6551.65
1531050240,6729.98
1531107840,6713.83
1531165440,6703.63
1531223040,6358.14
1531280640,6359.91
1531338240,6330.0
1531395840,6156.96
1531453440,6249.33
1531511040,6181.15
1531568640,6233.24
1531626240,6241.56
1531683840,6357.19
1531741440,6613.49
1531799040,6739.28
1531856640,7308.5
1531914240,7421.87
1531971840,7339.99
1532029440,7483.24
1532087040,7482.69
1532144640,7290.88
1532202240,7409.81
1532259840,7463.99
1532317440,7627.0
1532375040,7751.84
1532432640,8178.44
1532490240,8350.67
1532547840,8129.89
1532605440,8232.21
1532663040,7890.58
1532720640,8215.12
1532778240,8181.21
1532835840,8225.01
1532893440,8209.39
1532951040,8127.24
1533008640,8111.17
1533066240,7738.82
1533123840,7548.76
1533181440,7647.99
1533239040,7542.37
1533296640,7346.83
1533354240,7444.53
1533411840,6986.67
1533469440,7023.33
1533527040,7100.31
1533584640,6926.55
1533642240,7081.38
1533699840,6593.34
1533757440,6334.99
1533815040,6321.02
1533872640,6473.27
1533930240,6390.75
1533987840,6089.9
1534045440,
1534103040,6308.23
1534160640,6441.08
1534218240,5967.01
1534275840,6118.94
1534333440,6342.75
1534391040,6308.63
1534448640,6413.8
1534506240,6464.74
1534563840,6507.79
1534621440,6350.0
1534679040,6422.4
1534736640,6498.45
1534794240,6456.77
1534851840,6436.71
1534909440,6722.89
1534967040,6425.0
1535024640,6400.14
1535082240,6500.0
1535139840,6631.99
1535197440,6703.74
1535255040,
1535312640,
1535370240,6705.8
1535427840,
1535485440,7100.0
1535543040,7070.01
1535600640,7014.18
1535658240,6808.49
1535715840,6957.86
1535773440,7065.8
1535831040,7235.16
1535888640,7222.99
1535946240,7260.81
1536003840,7308.67
1536061440,7320.0
1536119040,7364.72
1536176640,6913.78
1536234240,6420.75
1536291840,6491.87
1536349440,6424.13
1536407040,6433.13
1536464640,6167.01
1536522240,6378.95
1536579840,6308.59
1536637440,6363.02
1536695040,6245.99
1536752640,6234.86
1536810240,
1536867840,6436.0
1536925440,6467.89
1536983040,6493.66
1537040640,6525.43
1537098240,6494.19
1537155840,
1537213440,6297.42
1537271040,6267.56
1537328640,6334.56
1537386240,6428.41
1537443840,6413.76
1537501440,6553.12
1537559040,6760.74
1537616640,6667.03
1537674240,6686.74
1537731840,
1537789440,6588.0
1537847040,6468.65
1537904640,6371.87
1537962240,6500.7
1538019840,
1538077440,6529.21
1538135040,6643.58
1538192640,6486.36
1538250240,6572.16
1538307840,6607.54
1538365440,6617.57
1538423040,6547.02
1538480640,6541.19
1538538240,6418.72
1538595840,6427.9
1538653440,6530.27
1538711040,
1538768640,6541.38
1538826240,6546.0
1538883840,6547.62
1538941440,
1538999040,6581.43
1539056640,
1539114240,6586.94
1539171840,6498.0
1539229440,6229.2
1539287040,6200.0
1539344640,6205.94
1539402240,6175.71
1539459840,6199.06
1539517440,
1539575040,6212.51
1539632640,
1539690240,6438.69
1539747840,6448.8
1539805440,6440.78
1539863040,6428.18
1539920640,6389.4
1539978240,6387.03
1540035840,6410.65
1540093440,
1540151040,6436.67
1540208640,
1540266240,6391.36
1540323840,6407.39
1540381440,6428.39
1540439040,6386.76
1540496640,6411.03
1540554240,6417.5
1540611840,
1540669440,6396.04
1540727040,6399.2
1540784640,
1540842240,
1540899840,6262.86
1540957440,6269.38
1541015040,6305.73
1541072640,6307.02
1541130240,6355.36
1541187840,
1541245440,
1541303040,
1541360640,
1541418240,
1541475840,6388.17
1541533440,6417.13
1541591040,6499.24
1541648640,6447.98
1541706240,6410.01
1541763840,6357.58
1541821440,6340.91
1541879040,
1541936640,6334.14
1541994240,6363.75
1542051840,6326.7
1542109440,6283.86
1542167040,6266.72
1542224640,5484.13
1542282240,5426.34
1542339840,5572.78
1542397440,5508.35
1542455040,5489.62
1542512640,5547.45
1542570240,5561.92
1542627840,5249.52
1542685440,4806.0
1542743040,4521.12
1542800640,4524.91
1542858240,4535.58
1542915840,4394.79
1542973440,
1543031040,4306.88
1543088640,4151.92
1543146240,3774.69
1543203840,3975.68
1543261440,3802.17
1543319040,3655.0
1543376640,3828.51
1543434240,4283.17
1543491840,4392.41
1543549440,4272.58
1543607040,3982.69
1543664640,4115.86
1543722240,4143.62
1543779840,4099.99
1543837440,
1543895040,3812.21
1543952640,3919.73
1544010240,3834.11
1544067840,3720.0
1544125440,3611.71
1544183040,3381.15
1544240640,3451.38
1544298240,3351.89
1544355840,3422.61
1544413440,3537.36
1544471040,3380.05
1544528640,3350.1
1544586240,3342.34
1544643840,3441.17
1544701440,3366.41
1544759040,3244.83
1544816640,3186.1
1544874240,3166.37
1544931840,3227.81
1544989440,3230.96
1545047040,3235.39
1545104640,3520.56
1545162240,3525.9
1545219840,3802.81
1545277440,3728.34
1545335040,4054.26
1545392640,4024.43
1545450240,3837.34
1545507840,3869.33
1545565440,4026.05
1545623040,4168.6
1545680640,4006.67
1545738240,3765.29
1545795840,3837.39
1545853440,3797.75
1545911040,3740.54
1545968640,3599.98
1546026240,3907.61
1546083840,3873.94
1546141440,3727.82
1546199040,3827.28
1546256640,3740.0
1546314240,3679.63
1546371840,3688.83
1546429440,3814.17
1546487040,3872.58
1546544640,3772.58
1546602240,3796.99
1546659840,3840.46
1546717440,
1546775040,3825.07
1546832640,4031.87
1546890240,4019.7
1546947840,4040.3
1547005440,4021.73
1547063040,4009.97
1547120640,3788.27
1547178240,3618.83
1547235840,3657.17
1547293440,3611.02
1547351040,3620.97
1547408640,3506.74
1547466240,3522.51
1547523840,3668.5
1547581440,3617.4
1547639040,3617.71
1547696640,3581.49
1547754240,3630.02
1547811840,
1547869440,3621.2
1547927040,
1547984640,3602.85
1548042240,3534.0
1548099840,3544.47
1548157440,3512.25
1548215040,3582.92
1548272640,3551.1
1548330240,3558.65
1548387840,3571.45
1548445440,3546.56
1548503040,3587.45
1548560640,
1548618240,3546.11
1548675840,3415.33
1548733440,3409.74
1548791040,3404.53
1548848640,3416.76
1548906240,3450.56
1548963840,3411.44
1549021440,3422.61
1549079040,
1549136640,3439.59
1549194240,3418.74
1549251840,
1549309440,3419.52
1549367040,
1549424640,3378.63
1549482240,3359.77
1549539840,3371.35
1549597440,3358.21
1549655040,3633.25
1549712640,3620.25
1549770240,3614.74
1549827840,3606.0
1549885440,3587.0
1549943040,3574.11
1550000640,3601.9
1550058240,3571.37
1550115840,3572.85
1550173440,3572.61
1550231040,3574.69
1550288640,
1550346240,
1550403840,3581.59
1550461440,3683.12
1550519040,3873.85
1550576640,3862.32
1550634240,3904.98
1550691840,3921.0
1550749440,3893.94
1550807040,3914.89
1550864640,3946.41
1550922240,3934.06
1550979840,4172.09
1551037440,3770.61
1551095040,3778.72
1551152640,3825.22
1551210240,3805.47
1551267840,3812.28
1551325440,3803.07
1551383040,3804.98
1551440640,3810.49
1551498240,3815.0
1551555840,3804.14
1551613440,3809.38
1551671040,3779.34
1551728640,3704.23
1551786240,3719.17
1551843840,3817.5
1551901440,3845.1
1551959040,3849.5
1552016640,
1552074240,3889.3
1552131840,3892.72
1552189440,3895.91
1552247040,
1552304640,3855.57
1552362240,3809.42
1552419840,3850.0
1552477440,3842.05
1552535040,3850.0
1552592640,3850.18
1552650240,3877.0
1552707840,3959.74
1552765440,3974.59
1552823040,3962.96
1552880640,3998.92
1552938240,3961.11
1552995840,3964.0
1553053440,
1553111040,4012.11
1553168640,4032.71
1553226240,3978.51
1553283840,3987.93
1553341440,3980.13
1553399040,3968.16
1553456640,
1553514240,3970.51
1553571840,3917.4
1553629440,3914.07
1553687040,4020.38
1553744640,4004.1
1553802240,4011.19
1553859840,4092.52
1553917440,4090.37
1553975040,4076.78
1554032640,4092.0
1554090240,4129.84
1554147840,4130.87
1554205440,4782.54
1554263040,5061.96
1554320640,5149.14
1554378240,4980.01
1554435840,4891.55
1554493440,5012.24
1554551040,5004.17
1554608640,5134.9
1554666240,5140.96
1554723840,5173.81
1554781440,5233.01
1554839040,
1554896640,5243.95
1554954240,5190.0
1555011840,5068.38
1555069440,5075.0
1555127040,5111.82
1555184640,5079.96
1555242240,5075.16
1555299840,5158.73
1555357440,5034.42
1555415040,5069.23
1555472640,5216.06
1555530240,5221.9
1555587840,5237.8
1555645440,5232.89
1555703040,5294.03
1555760640,5310.0
1555818240,5335.04
1555875840,5261.44
1555933440,5320.35
1555991040,5426.2
1556048640,5586.25
1556106240,5439.03
1556163840,5418.47
1556221440,5487.72
1556279040,5163.26
1556336640,5163.77
1556394240,5194.41
1556451840,5201.49
1556509440,
1556567040,5154.0
1556624640,5195.76
1556682240,5309.72
1556739840,5299.98
1556797440,5366.0
1556855040,5470.0
1556912640,5680.3
1556970240,5727.73
1557027840,5749.41
1557085440,5699.5
1557143040,5639.64
1557200640,5889.85
1557258240,5836.5
1557315840,5860.0
1557373440,6039.83
1557431040,6064.76
1557488640,6282.86
1557546240,6565.58
1557603840,6942.97
1557661440,7156.29
1557719040,7013.94
1557776640,7940.04
1557834240,8022.57
1557891840,8041.89
1557949440,8180.73
1558007040,7865.72
1558064640,7234.64
1558122240,7093.56
1558179840,7340.04
1558237440,7914.55
1558295040,7994.15
1558352640,7880.66
1558410240,7947.43
1558467840,8012.79
1558525440,7828.0
1558583040,7638.75
1558640640,7766.75
1558698240,8025.9
1558755840,8031.05
1558813440,8027.85
1558871040,7940.36
1558928640,8782.0
1558986240,8800.16
1559043840,8719.01
1559101440,8651.63
1559159040,8687.53
1559216640,8714.42
1559274240,8246.33
1559331840,8417.06
1559389440,8576.88
1559447040,8566.94
1559504640,8679.1
1559562240,8499.37
1559619840,7978.0
1559677440,7641.04
1559735040,7806.92
1559792640,7855.54
1559850240,7574.65
1559907840,7934.86
1559965440,7991.06
1560023040,7846.96
1560080640,7913.88
1560138240,7675.37
1560195840,8003.0
1560253440,7763.61
1560311040,7971.01
1560368640,8169.91
1560426240,8123.91
1560483840,8215.61
1560541440,8402.63
1560599040,8656.7
1560656640,8994.54
1560714240,8943.24
1560771840,9292.89
1560829440,9234.03
1560887040,9112.5
1560944640,9121.53
1561002240,9361.65
1561059840,9449.44
1561117440,9808.69
1561175040,10770.33
1561232640,10695.74
1561290240,10593.41
1561347840,10664.86
1561405440,10869.3
1561463040,11355.96
1561520640,12107.95
1561578240,13780.67
1561635840,11986.96
1561693440,11062.08
1561751040,12290.0
1561808640,11890.05
1561866240,12162.1
1561923840,11129.35
1561981440,10891.32
1562039040,10291.84
1562096640,10824.03
1562154240,11203.38
1562211840,11876.58
1562269440,11847.1
1562327040,11282.64
1562384640,11396.84
1562442240,11475.13
1562499840,11347.26
1562557440,11431.41
1562615040,12190.68
1562672640,12301.76
1562730240,12977.61
1562787840,12008.5
1562845440,11581.45
1562903040,11225.85
1562960640,11605.62
1563018240,11280.95
1563075840,11298.53
1563133440,10419.99
1563191040,10363.43
1563248640,10688.23
1563306240,9644.4
1563363840,9165.78
1563421440,9683.71
1563479040,10541.48
1563536640,10299.02
1563594240,10536.29
1563651840,10922.29
1563709440,10588.0
1563767040,10612.42
1563824640,10052.25
1563882240,10023.02
1563939840,9665.01
1563997440,9675.16
1564055040,10096.81
1564112640,9712.1
1564170240,9867.73
1564227840,9479.92
1564285440,9467.48
1564343040,9530.85
1564400640,9452.41
1564458240,9428.0
1564515840,9592.11
1564573440,9763.25
1564631040,10008.79
1564688640,10281.83
1564746240,10512.6
1564803840,10796.18
1564861440,10855.93
1564919040,10719.41
1564976640,11540.0
1565034240,11783.67
1565091840,11776.66
1565149440,11555.4
1565207040,11776.48
1565264640,11830.32
1565322240,11854.04
1565379840,11815.94
1565437440,11334.03
1565495040,11360.37
1565552640,11369.58
1565610240,11307.02
1565667840,11375.72
1565725440,10884.67
1565783040,10482.29
1565840640,9893.41
1565898240,10076.1
1565955840,10044.0
1566013440,10320.82
1566071040,10160.0
1566128640,10375.12
1566186240,10389.48
1566243840,10692.97
1566301440,10684.04
1566359040,10283.65
1566416640,10090.5
1566474240,9923.75
1566531840,10155.68
1566589440,10401.91
1566647040,10028.92
1566704640,10096.97
1566762240,10012.51
1566819840,10356.21
1566877440,10149.1
1566935040,10160.94
1566992640,10123.63
1567050240,9583.08
1567107840,9484.58
1567165440,9589.56
1567223040,9619.93
1567280640,9582.2
1567338240,9586.01
1567395840,9776.2
1567453440,10158.25
1567511040,10442.17
1567568640,10550.03
1567626240,10699.38
1567683840,10604.99
1567741440,10669.06
1567799040,10396.25
1567856640,10402.15
1567914240,10556.42
1567971840,10362.74
1568029440,10416.16
1568087040,10292.56
1568144640,9983.62
1568202240,10075.71
1568259840,10089.45
1568317440,10288.45
1568375040,10290.96
1568432640,10308.11
1568490240,10381.02
1568547840,10306.25
1568605440,10319.0
1568663040,10124.02
1568720640,10164.17
1568778240,10207.45
1568835840,10171.78
1568893440,9850.0
1568951040,10227.45
1569008640,10164.53
1569066240,10011.94
1569123840,9891.91
1569181440,9973.9
1569239040,9915.01
1569296640,9720.29
1569354240,8028.93
1569411840,8347.58
1569469440,8381.3
1569527040,8098.16
1569584640,7972.86
1569642240,8176.54
1569699840,8130.0
1569757440,8085.5
1569815040,7977.0
1569872640,8259.08
1569930240,8354.15
1569987840,8268.47
1570045440,8237.0
1570103040,8221.74
1570160640,8104.25
1570218240,8191.76
1570275840,8092.28
1570333440,8068.58
1570391040,7872.45
1570448640,8017.97
1570506240,8286.9
1570563840,8175.91
1570621440,8185.05
1570679040,8578.04
1570736640,8563.42
1570794240,8335.84
1570851840,8314.95
1570909440,8330.59
1570967040,8366.51
1571024640,8293.97
1571082240,8348.99
1571139840,8285.04
1571197440,8146.52
1571255040,7954.75
1571312640,8074.1
1571370240,8074.5
1571427840,7956.43
1571485440,7952.92
1571543040,7911.38
1571600640,8244.47
1571658240,8236.03
1571715840,8212.85
1571773440,8167.65
1571831040,7957.01
1571888640,7433.76
1571946240,7477.25
1572003840,7593.92
1572061440,9646.7
1572119040,8976.03
1572176640,9395.45
1572234240,9704.43
1572291840,9426.52
1572349440,9417.0
1572407040,9301.13
1572464640,9173.23
1572522240,9115.03
1572579840,9070.48
1572637440,9176.42
1572695040,9258.13
1572752640,9354.61
1572810240,9158.66
1572867840,9254.13
1572925440,9422.62
1572983040,9361.0
1573040640,9389.11
1573098240,9299.58
1573155840,9195.35
1573213440,9010.0
1573271040,8833.8
1573328640,8771.46
1573386240,8844.92
1573443840,9006.54
1573501440,8747.99
1573559040,8733.99
1573616640,
1573674240,8758.27
1573731840,8595.88
1573789440,8545.34
1573847040,8464.52
1573904640,8462.79
1573962240,8468.86
1574019840,8551.59
1574077440,8430.06
1574135040,8159.35
1574192640,8099.25
1574250240,8085.98
1574307840,8089.42
1574365440,7598.22
1574423040,7110.69
1574480640,7259.36
1574538240,7328.66
1574595840,7197.73
1574653440,6720.5
1574711040,7188.58
1574768640,7089.11
1574826240,7096.45
1574883840,7544.09
1574941440,7473.79
1574999040,7494.97
1575056640,7748.51
1575114240,7686.38
1575171840,7271.6
1575229440,7299.0
1575287040,7273.54
1575344640,7345.08
1575402240,7335.6
1575459840,7204.63
1575517440,7205.23
1575575040,7408.89
1575632640,7349.76
1575690240,7534.45
1575747840,7517.26
1575805440,7523.55
1575863040,7512.05
1575920640,7426.0
1575978240,7343.42
1576035840,7201.83
1576093440,7185.53
1576151040,7185.02
1576208640,7216.0
1576266240,7263.01
1576323840,7169.39
1576381440,7047.29
1576439040,7106.97
1576496640,7068.44
1576554240,6861.0
1576611840,6590.02
1576669440,6627.63
1576727040,7168.81
1576784640,
1576842240,7137.01
1576899840,7169.44
1576957440,7151.58
1577015040,7175.47
1577072640,7573.13
1577130240,7427.21
1577187840,7367.65
1577245440,7237.56
1577303040,7190.92
1577360640,7189.93
1577418240,7201.59
1577475840,7191.45
1577533440,7280.79
1577591040,
1577648640,7429.92
1577706240,7305.51
1577763840,7214.51
1577821440,7140.53
1577879040,7207.65
1577936640,7117.24
1577994240,6972.28
1578051840,7313.09
1578109440,7316.85
1578167040,7329.25
1578224640,7439.43
1578282240,7522.14
1578339840,7536.5
1578397440,7931.34
1578455040,8320.71
1578512640,8014.39
1578570240,7862.21
1578627840,7799.21
1578685440,8060.0
1578743040,8063.06
1578800640,8080.03
1578858240,8131.12
1578915840,8091.0
1578973440,8402.43
1579031040,8775.4
1579088640,8762.98
1579146240,8621.47
1579203840,8675.71
1579261440,8895.0
1579319040,8907.39
1579376640,8891.97
1579434240,8675.31
1579491840,8636.78
1579549440,8658.21
1579607040,8639.87
1579664640,8695.22
1579722240,8635.78
1579779840,8425.32
1579837440,8316.35
1579895040,8498.32
1579952640,8290.84
1580010240,8331.6
1580067840,8550.0
1580125440,8627.0
1580183040,9091.79
1580240640,9009.89
1580298240,9265.0
1580355840,9250.02
1580413440,9472.35
1580471040,9297.2
1580528640,9404.14
1580586240,9360.8
1580643840,9416.98
1580701440,9366.05
1580759040,9298.35
1580816640,9192.93
1580874240,9182.0
1580931840,9710.13
1580989440,9662.65
1581047040,9790.26
1581104640,9768.75
1581162240,9801.5
1581219840,10009.86
1581277440,10084.68
1581335040,9800.0
1581392640,9725.0
1581450240,10258.47
1581507840,10385.0
1581565440,10407.26
1581623040,10242.0
1581680640,10262.34
1581738240,10294.02
1581795840,9902.87
1581853440,9953.85
1581911040,9813.34
1581968640,9673.54
1582026240,9711.63
1582083840,10191.03
1582141440,10201.01
1582199040,9603.94
1582256640,9702.47
1582314240,9677.8
1582371840,9641.57
1582429440,9768.66
1582487040,9906.65
1582544640,9772.87
1582602240,9594.02
1582659840,9313.0
1582717440,9136.72
1582775040,8695.59
1582832640,8896.97
1582890240,8570.53
1582947840,8719.58
1583005440,8665.19
1583063040,8608.16
1583120640,8611.17
1583178240,8874.69
1583235840,8874.03
1583293440,8811.06
1583351040,8724.53
1583408640,9085.3
1583466240,9058.85
1583523840,9113.0
1583581440,9125.07
1583639040,8755.91
1583696640,8312.44
1583754240,7792.78
1583811840,7900.82
1583869440,7935.37
1583927040,7866.86
1583984640,7652.86
1584042240,6041.95
1584099840,5566.96
1584157440,5575.64
1584215040,5462.53
1584272640,5434.86
1584330240,5271.06
1584387840,5059.63
1584445440,5270.1
1584503040,5403.66
1584560640,5330.26
1584618240,5593.56
1584675840,
1584733440,6255.82
1584791040,6005.25
1584848640,6325.86
1584906240,5956.25
1584963840,5884.0
1585021440,6594.8
1585079040,6652.95
1585136640,6522.8
1585194240,6741.76
1585251840,6665.64
1585309440,6654.77
1585367040,6100.0
1585424640,6222.96
1585482240,6158.61
1585539840,5988.45
1585597440,6364.32
1585655040,6396.53
1585712640,6362.99
1585770240,6202.93
1585827840,6687.6
1585885440,
1585943040,6760.88
1586000640,6699.12
1586058240,
1586115840,6800.0
1586173440,7110.24
1586231040,7299.14
1586288640,7324.93
1586346240,7258.97
1586403840,7291.23
1586461440,7270.0
1586519040,6906.94
1586576640,6913.64
1586634240,6809.03
1586691840,6867.16
1586749440,6695.0
1586807040,6805.0
1586864640,6857.78
1586922240,6903.28
1586979840,6750.99
1587037440,7005.82
1587095040,7084.14
1587152640,7062.79
1587210240,7081.3
1587267840,7230.17
1587325440,7142.21
1587383040,7050.01
1587440640,6874.96
1587498240,6899.21
1587555840,6956.92
1587613440,
1587671040,7537.54
1587728640,7514.0
1587786240,7519.69
1587843840,7558.51
1587901440,7670.0
1587959040,7736.02
1588016640,7712.39
1588074240,7757.5
1588131840,7830.0
1588189440,8760.5
1588247040,8949.89
1588304640,8669.41
1588362240,8740.03
1588419840,8872.32
1588477440,9156.23
1588535040,8869.14
1588592640,8690.85
1588650240,8878.58
1588707840,8908.6
1588765440,9289.76
1588823040,9279.34
1588880640,9921.2
1588938240,9943.11
1588995840,9877.65
1589053440,9764.43
1589111040,8685.19
1589168640,8698.43
1589226240,8533.32
1589283840,8770.0
1589341440,8918.99
1589399040,9140.33
1589456640,9736.4
1589514240,9520.76
1589571840,9325.09
1589629440,9422.34
1589687040,9565.02
1589744640,9778.05
1589802240,9636.99
1589859840,9563.71
1589917440,9679.92
1589975040,9747.33
1590032640,9468.74
1590090240,9089.17
1590147840,9145.03
1590205440,
1590263040,9191.36
1590320640,9186.04
1590378240,8749.51
1590435840,8944.8
1590493440,8861.95
1590551040,8835.68
1590608640,9151.6
1590666240,9248.31
1590723840,9504.72
1590781440,9397.71
1590839040,9531.16
1590896640,9604.07
1590954240,9516.08
1591011840,9521.73
1591069440,10070.72
1591127040,9519.9
1591184640,9585.55
1591242240,9678.47
1591299840,9802.68
1591357440,9684.44
1591415040,9616.88
1591472640,9660.46
1591530240,9595.73
1591587840,
1591645440,9696.23
1591703040,9680.0
1591760640,9750.09
1591818240,9854.74
1591875840,9766.16
1591933440,9378.93
1591991040,9419.15
1592048640,9401.3
1592106240,9433.29
1592163840,9385.46
1592221440,9113.0
1592279040,9572.56
1592336640,9503.29
1592394240,9480.0
1592451840,9421.6
1592509440,9404.81
1592567040,9379.48
1592624640,9329.25
1592682240,9297.64
1592739840,9352.53
1592797440,
1592855040,9580.6
1592912640,9627.15
1592970240,9639.48
1593027840,9301.46
1593085440,9267.16
1593143040,9243.21
1593200640,9149.98
1593258240,9164.35
1593315840,8969.75
1593373440,9132.15
1593431040,9064.83
1593488640,9171.94
1593546240,9139.2
1593603840,9145.4
1593661440,9237.75
1593719040,9060.3
1593776640,9088.34
1593834240,
1593891840,9137.2
1593949440,9043.4
1594007040,9087.74
1594064640,9293.82
1594122240,9269.59
1594179840,9283.22
1594237440,
1594295040,9400.3
1594352640,9210.63
1594410240,9238.3
1594467840,9207.82
1594525440,9274.9
1594583040,9203.28
1594640640,9299.37
1594698240,9217.05
1594755840,9259.36
1594813440,9228.09
1594871040,9187.04
1594928640,9118.42
1594986240,9101.95
1595043840,9138.0
1595101440,9200.94
1595159040,9135.53
1595216640,9185.31
1595274240,9159.15
1595331840,9344.07
1595389440,9369.95
1595447040,9371.43
1595504640,9512.1
1595562240,9560.72
1595619840,9592.84
1595677440,9602.62
1595735040,9690.29
1595792640,9865.0
1595850240,10234.29
1595907840,10921.72
1595965440,10992.98
1596023040,11038.76
1596080640,11029.54
1596138240,11115.0
1596195840,11163.33
1596253440,11402.79
1596311040,11846.9
1596368640,11052.55
1596426240,11140.94
1596483840,11373.28
1596541440,11205.8
1596599040,11227.28
1596656640,11693.9
1596714240,11719.4
1596771840,11876.96
1596829440,11515.0
1596887040,11758.38
1596944640,11759.78
1597002240,11630.58
1597059840,11747.17
1597117440,11830.7
1597175040,11408.71
1597232640,11476.66
1597290240,11568.97
1597347840,11531.27
1597405440,11747.59
1597463040,11893.29
1597520640,11839.6
1597578240,11786.46
1597635840,11857.27
1597693440,12345.0
1597751040,12208.98
1597808640,11881.83
1597866240,11703.34
1597923840,11760.07
1597981440,11840.38
1598039040,11704.62
1598096640,11557.77
1598154240,11598.09
1598211840,11688.03
1598269440,11790.21
1598327040,11676.0
1598384640,11325.11
1598442240,
1598499840,11394.39
1598557440,11263.0
1598615040,11461.5
1598672640,
1598730240,11545.35
1598787840,11591.32
1598845440,11680.98
1598903040,11727.72
1598960640,11922.98
1599018240,11834.06
1599075840,11370.94
1599133440,11272.13
1599191040,10264.86
1599248640,10513.89
1599306240,10191.65
1599363840,10140.53
1599421440,10281.4
1599479040,10010.72
1599536640,10312.13
1599594240,10023.99
1599651840,10220.0
1599709440,10363.56
1599767040,10291.24
1599824640,10269.73
1599882240,10350.89
1599939840,10450.89
1599997440,10357.84
1600055040,10343.77
1600112640,10688.14
1600170240,10834.17
1600227840,10764.63
1600285440,10978.14
1600343040,10863.2
1600400640,10937.01
1600458240,10868.98
1600515840,11020.68
1600573440,10947.35
1600631040,10868.84
1600688640,10594.86
1600746240,10459.08
1600803840,10470.83
1600861440,10490.4
1600919040,10298.31
1600976640,10641.66
1601034240,10639.74
1601091840,10717.99
1601149440,10718.15
1601207040,10642.17
1601264640,10900.29
1601322240,10855.45
1601379840,10791.28
1601437440,10768.36
1601495040,10710.53
1601552640,10895.49
1601610240,10610.17
1601667840,10536.15
1601725440,10535.82
1601783040,10547.93
1601840640,10672.43
1601898240,10676.03
1601955840,10779.46
1602013440,10579.11
1602071040,10601.79
1602128640,10642.49
1602186240,10892.23
1602243840,11058.0
1602301440,11411.89
1602359040,11375.75
1602416640,11359.95
1602474240,11387.7
1602531840,11570.0
1602589440,11525.36
1602647040,11447.98
1602704640,11364.49
1602762240,11327.0
1602819840,11504.51
1602877440,11361.39
1602935040,11352.94
1602992640,11375.44
1603050240,
1603107840,11516.79
1603165440,11750.81
1603223040,11945.82
1603280640,12260.49
1603338240,12783.88
1603395840,13115.57
1603453440,13003.86
1603511040,12992.11
1603568640,13114.74
1603626240,12951.81
1603683840,13101.51
1603741440,12995.37
1603799040,13417.63
1603856640,13804.12
1603914240,13213.95
1603971840,13122.92
1604029440,13463.23
1604087040,13523.47
1604144640,13887.4
1604202240,13694.76
1604259840,13821.7
1604317440,13410.02
1604375040,13435.91
1604432640,13760.26
1604490240,13741.58
1604547840,14326.38
1604605440,15057.8
1604663040,15534.7
1604720640,15555.96
1604778240,14643.38
1604835840,15144.53
1604893440,15497.29
1604951040,15357.42
1605008640,15294.21
1605066240,15447.41
1605123840,15850.0
1605181440,15754.15
1605239040,16477.54
1605296640,16305.99
1605354240,15921.02
1605411840,15934.54
1605469440,15915.12
1605527040,16332.94
1605584640,16641.33
1605642240,17680.03
1605699840,18100.23
1605757440,17907.94
1605815040,17958.16
1605872640,18306.5
1605930240,18767.44
1605987840,18700.0
1606045440,17885.11
1606103040,18367.88
1606160640,18449.78
1606218240,18957.6
1606275840,18949.18
1606333440,18912.7
1606391040,17116.65
1606448640,17212.71
1606506240,16792.67
1606563840,17179.86
1606621440,17832.81
1606679040,18075.5
1606736640,18637.0
1606794240,19576.04
1606851840,18975.03
1606909440,19153.35
1606967040,19185.17
1607024640,19413.74
1607082240,19054.76
1607139840,18848.93
1607197440,19095.86
1607255040,19022.49
1607312640,19242.1
1607370240,18968.53
1607427840,18811.22
1607485440,18271.99
1607543040,18238.59
1607600640,18183.91
1607658240,17943.21
1607715840,18036.06
1607773440,18455.72
1607831040,18773.92
1607888640,19167.96
1607946240,19062.66
1608003840,19496.35
1608061440,19531.72
1608119040,19691.48
1608176640,21784.27
1608234240,23081.0
1608291840,22858.68
1608349440,23178.2
1608407040,23779.65
1608464640,23494.22
1608522240,23950.0
1608579840,22839.0
1608637440,22925.11
1608695040,23736.76
1608752640,23552.4
1608810240,23207.12
1608867840,23506.04
1608925440,24490.91
1608983040,24828.16
1609040640,26500.78
1609098240,27067.42
1609155840,26757.89
1609213440,26597.22
1609271040,26765.91
1609328640,27648.29
1609386240,28933.59
1609443840,28958.84
1609501440,29350.6
1609559040,29359.64
1609616640,33149.72
1609674240,34125.0
1609731840,33331.06
1609789440,31695.63
1609847040,31700.0
1609904640,33834.33
1609962240,35758.52
1610019840,37463.02
1610077440,38162.14
1610135040,40260.08
1610192640,41057.7
1610250240,40624.17
1610307840,37800.12
1610365440,34874.97
1610423040,34818.23
1610480640,34237.87
1610538240,34596.85
1610595840,37430.56
1610653440,39576.67
1610711040,38251.3
1610768640,36200.0
1610826240,36339.12
1610883840,35280.68
1610941440,35094.4
1610999040,35902.24
1611056640,36933.3
1611114240,35322.67
1611171840,35262.36
1611229440,32729.58
1611287040,30778.61
1611344640,33455.9
1611402240,31823.13
1611459840,32273.81
1611517440,31235.62
1611575040,33163.19
1611632640,31642.6
1611690240,32263.28
1611747840,31217.86
1611805440,31249.28
1611863040,32652.43
1611920640,37050.74
1611978240,33256.3
1612035840,34260.4
1612093440,33609.94
1612151040,33664.13
1612208640,33921.76
1612266240,34929.67
1612323840,36236.23
1612381440,36934.31
1612439040,37722.56
1612496640,37379.68
1612554240,37632.57
1612611840,40443.88
1612669440,38779.41
1612727040,38362.84
1612784640,39444.43
1612842240,46683.99
1612899840,46911.9
1612957440,46546.77
1613015040,44766.29
1613072640,48044.15
1613130240,47799.3
1613187840,47870.42
1613245440,46953.86
1613303040,48965.83
1613360640,46891.36
1613418240,48575.86
1613475840,48974.82
1613533440,49421.52
1613591040,52251.34
1613648640,51371.99
1613706240,51337.49
1613763840,54873.22
1613821440,55820.18
1613879040,56586.72
1613936640,58024.68
1613994240,54909.12
1614051840,51433.0
1614109440,45600.01
1614167040,50366.55
1614224640,50372.42
1614282240,49688.78
1614339840,45769.74
1614397440,47593.27
1614455040,47301.87
1614512640,45401.38
1614570240,46404.76
1614627840,48068.28
1614685440,49049.0
1614743040,48591.21
1614800640,50900.0
1614858240,49437.19
1614915840,47144.99
1614973440,48919.0
1615031040,48191.11
1615088640,49776.75
1615146240,50472.9
1615203840,50100.33
1615261440,53910.89
1615319040,54132.95
1615376640,54797.1
1615434240,55733.25
1615491840,57298.96
1615549440,56483.91
1615607040,56713.42
1615664640,60701.77
1615722240,59790.66
1615779840,60275.81
1615837440,56459.58
1615895040,55177.32
1615952640,55740.0
1616010240,57891.21
1616067840,58110.81
1616125440,57714.44
1616183040,58864.78
1616240640,59073.48
1616298240,57832.07
1616355840,57476.34
1616413440,57797.98
1616471040,54450.78
1616528640,54999.29
1616586240,56445.48
1616643840,51969.66
1616701440,52074.02
1616759040,52929.27
1616816640,54757.94
1616874240,55845.41
1616931840,55908.26
1616989440,55490.71
1617047040,57569.75
1617104640,59049.18
