,metros_cubiertos,dormitorios,antiguedad,ambientes,precio
0,115.0,2.0,14.0,3.0,320000.0
1,290.0,3.0,40.0,4.0,395000.0
2,135.0,3.0,40.0,5.0,285000.0
3,145.0,3.0,30.0,4.0,350000.0
4,55.0,2.0,30.0,3.0,115000.0
5,45.0,0.0,0.0,1.0,113000.0
6,95.0,2.0,40.0,3.0,200000.0
7,407.0,4.0,26.0,5.0,1950000.0
8,106.0,3.0,15.0,4.0,330000.0
9,290.0,3.0,40.0,4.0,395000.0
10,140.0,2.0,8.0,3.0,445000.0
11,145.0,3.0,30.0,4.0,350000.0
12,86.0,3.0,47.0,4.0,170000.0
13,140.0,3.0,8.0,4.0,445000.0
14,78.0,2.0,40.0,3.0,179000.0
15,112.0,2.0,0.0,3.0,139000.0
16,36.0,0.0,6.0,1.0,99000.0
17,28.0,0.0,12.0,1.0,69000.0
18,137.0,3.0,43.0,4.0,339000.0
19,50.0,1.0,8.0,2.0,140000.0
20,82.0,2.0,0.0,3.0,338000.0
21,173.0,3.0,25.0,4.0,445000.0
22,30.0,0.0,6.0,1.0,77000.0
23,0.0,2.0,0.0,3.0,0.0
24,112.0,0.0,40.0,1.0,290000.0
25,66.0,1.0,1.0,2.0,165000.0
26,49.0,1.0,1.0,2.0,156000.0
27,45.0,1.0,12.0,2.0,153000.0
28,30.0,0.0,1.0,1.0,87500.0
29,34.0,0.0,3.0,1.0,96000.0
30,150.0,2.0,0.0,3.0,205000.0
31,105.0,3.0,30.0,4.0,180000.0
32,150.0,3.0,0.0,4.0,205000.0
33,108.0,2.0,0.0,3.0,240000.0
34,60.0,2.0,30.0,3.0,145000.0
35,90.0,2.0,100.0,3.0,245000.0
36,119.0,3.0,0.0,4.0,260000.0
37,125.0,1.0,50.0,4.0,195000.0
38,0.0,3.0,45.0,4.0,199900.0
39,48.0,1.0,0.0,2.0,147999.0
40,39.0,1.0,0.0,2.0,124999.0
41,39.0,0.0,1.0,1.0,144700.0
42,74.0,2.0,1.0,3.0,199000.0
43,32.0,0.0,0.0,1.0,87000.0
44,89.0,3.0,50.0,4.0,220000.0
45,44.0,2.0,50.0,3.0,79000.0
46,178.0,3.0,38.0,4.0,480000.0
47,35.0,1.0,60.0,2.0,73000.0
48,96.0,2.0,20.0,3.0,350000.0
49,55.0,1.0,0.0,2.0,159000.0
50,64.0,2.0,13.0,3.0,170000.0
51,40.0,1.0,40.0,2.0,85000.0
52,202.0,3.0,37.0,6.0,530000.0
53,95.0,2.0,10.0,3.0,173000.0
54,65.0,2.0,24.0,3.0,116000.0
55,103.0,3.0,0.0,4.0,262000.0
56,86.0,3.0,24.0,4.0,212000.0
57,100.0,3.0,65.0,4.0,175000.0
58,67.0,2.0,45.0,3.0,99000.0
59,137.0,4.0,35.0,5.0,284000.0
60,148.0,3.0,24.0,4.0,339000.0
61,71.0,2.0,0.0,3.0,180000.0
62,46.0,1.0,0.0,2.0,126000.0
63,135.0,3.0,50.0,4.0,355000.0
64,36.0,1.0,40.0,2.0,108000.0
65,64.0,2.0,16.0,3.0,164000.0
66,93.0,3.0,50.0,4.0,220000.0
67,65.0,2.0,7.0,3.0,185000.0
68,41.0,1.0,35.0,2.0,95000.0
69,128.0,3.0,45.0,4.0,290000.0
70,76.0,2.0,60.0,3.0,145000.0
71,72.0,3.0,45.0,4.0,145000.0
72,68.0,1.0,2022.0,2.0,145000.0
73,32.0,0.0,0.0,1.0,80000.0
74,49.0,1.0,0.0,2.0,163999.0
75,44.0,2.0,40.0,3.0,109000.0
76,71.0,3.0,30.0,4.0,159000.0
77,46.0,1.0,0.0,2.0,110000.0
78,157.0,3.0,0.0,4.0,398000.0
79,58.0,2.0,8.0,3.0,150000.0
80,270.0,4.0,30.0,6.0,270000.0
81,66.0,2.0,0.0,0.0,130000.0
82,43.0,1.0,0.0,2.0,100000.0
83,50.0,1.0,7.0,2.0,134500.0
84,45.0,1.0,0.0,2.0,109000.0
85,41.0,1.0,5.0,2.0,115000.0
86,301.0,4.0,20.0,6.0,890000.0
87,61.0,1.0,10.0,2.0,145000.0
88,88.0,2.0,0.0,3.0,239999.0
89,92.0,3.0,35.0,4.0,280000.0
90,133.0,2.0,40.0,3.0,320000.0
91,238.0,3.0,2.0,4.0,575000.0
92,84.0,3.0,44.0,4.0,190000.0
93,83.0,2.0,0.0,3.0,174000.0
94,0.0,2.0,18.0,3.0,195000.0
95,32.0,1.0,50.0,2.0,59000.0
96,90.0,3.0,52.0,4.0,188000.0
97,82.0,3.0,50.0,4.0,250000.0
98,48.0,1.0,10.0,2.0,104000.0
99,95.0,2.0,48.0,3.0,185000.0
100,47.0,1.0,22.0,2.0,126000.0
101,117.0,3.0,5.0,4.0,350000.0
102,62.0,1.0,8.0,3.0,149900.0
103,200.0,3.0,0.0,6.0,375000.0
104,190.0,3.0,0.0,5.0,330000.0
105,170.0,3.0,0.0,4.0,420000.0
106,144.0,3.0,0.0,6.0,169000.0
107,199.0,2.0,0.0,3.0,225000.0
108,111.0,2.0,0.0,3.0,178000.0
109,109.0,3.0,0.0,4.0,188000.0
110,90.0,3.0,0.0,4.0,98000.0
111,62.0,2.0,50.0,3.0,125000.0
112,133.0,3.0,0.0,4.0,285000.0
113,133.0,3.0,0.0,4.0,200000.0
114,115.0,3.0,0.0,4.0,283000.0
115,302.0,4.0,0.0,7.0,400000.0
116,157.0,3.0,0.0,6.0,198000.0
117,280.0,4.0,0.0,5.0,330000.0
118,30.0,1.0,45.0,2.0,55000.0
119,265.0,4.0,0.0,5.0,850000.0
120,53.0,2.0,60.0,3.0,75000.0
121,36.0,1.0,0.0,0.0,135000.0
122,66.0,2.0,12.0,3.0,180000.0
123,128.0,3.0,0.0,4.0,279000.0
124,69.0,2.0,35.0,3.0,175000.0
125,203.0,4.0,0.0,5.0,275000.0
126,215.0,3.0,0.0,4.0,199500.0
127,250.0,3.0,0.0,4.0,299000.0
128,120.0,3.0,0.0,4.0,165000.0
129,200.0,4.0,0.0,5.0,239000.0
130,140.0,3.0,0.0,4.0,169000.0
131,86.0,3.0,0.0,4.0,119000.0
132,95.0,2.0,10.0,3.0,173000.0
133,33.0,0.0,40.0,1.0,59500.0
134,43.0,1.0,5.0,2.0,105000.0
135,44.0,0.0,0.0,1.0,0.0
136,95.0,3.0,50.0,4.0,215000.0
137,46.0,1.0,1.0,2.0,99900.0
138,50.0,2.0,40.0,3.0,79000.0
139,44.0,1.0,40.0,2.0,75000.0
140,180.0,3.0,25.0,5.0,629000.0
141,69.0,1.0,45.0,2.0,125000.0
142,53.0,2.0,45.0,3.0,72000.0
143,160.0,4.0,0.0,5.0,268000.0
144,155.0,4.0,0.0,5.0,295000.0
145,107.0,2.0,0.0,4.0,165000.0
146,137.0,4.0,0.0,5.0,195000.0
147,119.0,3.0,0.0,4.0,250000.0
148,130.0,3.0,10.0,4.0,300000.0
149,132.0,4.0,0.0,5.0,240000.0
150,330.0,3.0,0.0,5.0,650000.0
151,139.0,3.0,0.0,4.0,450000.0
152,80.0,2.0,0.0,3.0,141824.0
153,140.0,4.0,0.0,5.0,200000.0
154,105.0,3.0,0.0,4.0,180000.0
155,297.0,5.0,0.0,6.0,445000.0
156,135.0,2.0,0.0,4.0,250000.0
157,223.0,5.0,0.0,6.0,290000.0
158,147.0,3.0,0.0,4.0,275000.0
159,370.0,5.0,0.0,6.0,580000.0
160,240.0,3.0,0.0,4.0,620000.0
161,141.0,3.0,0.0,4.0,340000.0
162,90.0,2.0,0.0,3.0,219000.0
163,155.0,4.0,0.0,5.0,295000.0
164,97.0,2.0,0.0,3.0,200000.0
165,178.0,3.0,0.0,4.0,328000.0
166,76.0,2.0,0.0,3.0,180000.0
167,105.0,2.0,0.0,3.0,199000.0
168,85.0,3.0,0.0,4.0,186690.0
169,330.0,3.0,0.0,5.0,650000.0
170,114.0,4.0,0.0,5.0,280000.0
171,155.0,3.0,0.0,4.0,249000.0
172,68.0,2.0,40.0,3.0,220000.0
173,253.0,4.0,0.0,5.0,660000.0
174,2.0,1.0,0.0,2.0,135000.0
175,67.0,2.0,20.0,3.0,145000.0
176,48.0,1.0,4.0,2.0,106000.0
177,39.0,1.0,38.0,2.0,62900.0
178,115.0,3.0,40.0,4.0,345000.0
179,73.0,3.0,22.0,4.0,180000.0
180,102.0,3.0,40.0,5.0,222000.0
181,171.0,3.0,0.0,4.0,666800.0
182,58.0,1.0,0.0,2.0,167400.0
183,64.0,2.0,40.0,3.0,109000.0
184,43.0,1.0,0.0,2.0,89200.0
185,26.0,1.0,0.0,1.0,62608.0
186,64.0,2.0,0.0,3.0,125528.0
187,109.0,3.0,0.0,4.0,225000.0
188,101.0,2.0,0.0,3.0,119000.0
189,169.0,5.0,0.0,6.0,260000.0
190,162.0,3.0,0.0,4.0,250000.0
191,0.0,0.0,7.0,1.0,85000.0
192,0.0,1.0,40.0,2.0,74000.0
193,73.0,3.0,50.0,4.0,135000.0
194,55.0,1.0,0.0,2.0,170000.0
195,180.0,4.0,55.0,5.0,440000.0
196,75.0,1.0,0.0,2.0,165000.0
197,44.0,1.0,0.0,2.0,125000.0
198,72.0,3.0,41.0,4.0,165000.0
199,42.0,1.0,0.0,2.0,105000.0
200,28.0,0.0,0.0,1.0,117000.0
201,113.0,3.0,40.0,4.0,180000.0
202,75.0,3.0,40.0,4.0,123000.0
203,55.0,1.0,0.0,2.0,175000.0
204,24.0,0.0,40.0,1.0,38000.0
205,55.0,2.0,45.0,3.0,135000.0
206,63.0,2.0,14.0,3.0,195000.0
207,43.0,1.0,0.0,2.0,102000.0
208,55.0,2.0,40.0,3.0,85000.0
209,62.0,2.0,6.0,4.0,157500.0
210,43.0,1.0,0.0,2.0,109000.0
211,33.0,1.0,45.0,2.0,79000.0
212,102.0,3.0,15.0,5.0,340000.0
213,61.0,2.0,0.0,3.0,149000.0
214,27.0,0.0,40.0,1.0,70000.0
215,40.0,0.0,0.0,1.0,115000.0
216,290.0,6.0,1.0,7.0,400000.0
217,96.0,3.0,0.0,4.0,380000.0
218,76.0,2.0,42.0,3.0,129000.0
219,82.0,2.0,0.0,4.0,230000.0
220,78.0,2.0,10.0,3.0,375000.0
221,110.0,2.0,15.0,3.0,325000.0
222,60.0,2.0,2.0,3.0,110000.0
223,37.0,0.0,0.0,1.0,59000.0
224,42.0,1.0,0.0,2.0,65000.0
225,115.0,2.0,0.0,3.0,310000.0
226,98.0,3.0,3.0,4.0,180000.0
227,61.0,1.0,22.0,2.0,145000.0
228,70.0,3.0,20.0,4.0,159999.0
229,160.0,4.0,70.0,5.0,390000.0
230,54.0,2.0,0.0,3.0,89000.0
231,132.0,2.0,0.0,3.0,158000.0
232,41.0,1.0,0.0,2.0,49200.0
233,118.0,3.0,0.0,4.0,141600.0
234,71.0,2.0,0.0,3.0,85200.0
235,47.0,1.0,0.0,2.0,54050.0
236,45.0,1.0,0.0,2.0,58500.0
237,78.0,2.0,0.0,3.0,109200.0
238,36.0,1.0,0.0,2.0,54600.0
239,78.0,2.0,0.0,3.0,109200.0
240,47.0,1.0,0.0,2.0,66640.0
241,45.0,1.0,0.0,2.0,47250.0
242,46.0,1.0,0.0,2.0,50600.0
243,39.0,1.0,0.0,2.0,40950.0
244,26.0,0.0,0.0,1.0,28600.0
245,42.0,1.0,0.0,2.0,46200.0
246,114.0,3.0,70.0,0.0,97000.0
247,51.0,1.0,50.0,2.0,110000.0
248,50.0,2.0,60.0,3.0,130000.0
249,203.0,4.0,37.0,9.0,298000.0
250,42.0,1.0,7.0,2.0,54000.0
251,85.0,3.0,55.0,4.0,139000.0
252,74.0,2.0,0.0,3.0,179500.0
253,76.0,3.0,60.0,1.0,65000.0
254,134.0,3.0,0.0,4.0,145000.0
255,40.0,1.0,5.0,2.0,52000.0
256,156.0,3.0,75.0,5.0,450000.0
257,50.0,2.0,60.0,3.0,100000.0
258,152.0,2.0,0.0,4.0,445000.0
259,40.0,0.0,30.0,0.0,85000.0
260,55.0,2.0,50.0,3.0,105000.0
261,36.0,3.0,40.0,4.0,290000.0
262,185.0,2.0,0.0,3.0,180000.0
263,40.0,1.0,0.0,2.0,125000.0
264,167.0,3.0,9.0,5.0,600000.0
265,50.0,1.0,0.0,2.0,83400.0
266,39.0,0.0,0.0,1.0,61700.0
267,67.0,2.0,0.0,33.0,118100.0
268,85.0,2.0,35.0,4.0,199000.0
269,98.0,3.0,0.0,4.0,260000.0
270,41.0,2.0,15.0,3.0,120000.0
271,82.0,2.0,1.0,3.0,190000.0
272,29.0,0.0,45.0,1.0,59900.0
273,175.0,3.0,52.0,6.0,430000.0
274,105.0,2.0,0.0,4.0,165000.0
275,108.0,3.0,0.0,4.0,210000.0
276,86.0,2.0,0.0,3.0,220000.0
277,70.0,2.0,7.0,3.0,185000.0
278,313.0,4.0,0.0,5.0,390000.0
279,125.0,3.0,0.0,5.0,292000.0
280,92.0,2.0,0.0,3.0,198000.0
281,71.0,2.0,60.0,3.0,149000.0
282,77.0,2.0,40.0,3.0,124900.0
283,50.0,2.0,35.0,3.0,100000.0
284,91.0,3.0,0.0,4.0,330000.0
285,46.0,1.0,40.0,2.0,109000.0
286,110.0,3.0,7.0,4.0,268000.0
287,143.0,3.0,0.0,4.0,235000.0
288,180.0,3.0,0.0,4.0,260000.0
289,184.0,4.0,0.0,5.0,320000.0
290,221.0,4.0,0.0,5.0,380000.0
291,42.0,1.0,10.0,2.0,128000.0
292,47.0,1.0,0.0,2.0,199000.0
293,40.0,1.0,0.0,2.0,105000.0
294,0.0,0.0,0.0,0.0,49000.0
295,52.0,1.0,0.0,2.0,115000.0
296,87.0,3.0,0.0,4.0,225000.0
297,85.0,3.0,0.0,4.0,209000.0
298,59.0,2.0,0.0,3.0,258000.0
299,0.0,1.0,50.0,2.0,85000.0
300,109.0,2.0,0.0,3.0,226400.0
301,39.0,1.0,0.0,2.0,105000.0
302,260.0,4.0,0.0,5.0,580000.0
303,62.0,1.0,0.0,2.0,110000.0
304,40.0,1.0,66.0,2.0,74000.0
305,66.0,2.0,20.0,3.0,159000.0
306,0.0,2.0,0.0,3.0,100000.0
307,38.0,1.0,0.0,2.0,63000.0
308,26.0,0.0,20.0,1.0,28000.0
309,34.0,0.0,0.0,1.0,62000.0
310,35.0,1.0,2.0,2.0,59700.0
311,70.0,2.0,0.0,3.0,209000.0
312,55.0,1.0,0.0,2.0,57750.0
313,83.0,3.0,40.0,4.0,159000.0
314,120.0,3.0,22.0,4.0,330000.0
315,63.0,1.0,0.0,2.0,192000.0
316,115.0,3.0,0.0,4.0,700000.0
317,226.0,4.0,0.0,5.0,330000.0
318,207.0,3.0,0.0,5.0,200000.0
319,50.0,1.0,18.0,2.0,159000.0
320,58.0,1.0,0.0,2.0,160000.0
321,96.0,2.0,50.0,3.0,218000.0
322,102.0,3.0,30.0,4.0,445000.0
323,38.0,1.0,14.0,2.0,95000.0
324,165.0,3.0,0.0,4.0,750000.0
325,29.0,0.0,0.0,1.0,71526.0
326,56.0,2.0,25.0,3.0,120000.0
327,170.0,3.0,0.0,4.0,660000.0
328,93.0,3.0,7.0,4.0,295000.0
329,67.0,2.0,10.0,3.0,189000.0
330,57.0,1.0,10.0,2.0,129000.0
331,94.0,2.0,6.0,4.0,190000.0
332,174.0,3.0,0.0,4.0,495000.0
333,85.0,3.0,47.0,4.0,169900.0
334,54.0,2.0,0.0,3.0,79000.0
335,50.0,2.0,40.0,3.0,74500.0
336,64.0,2.0,2.0,3.0,123000.0
337,70.0,2.0,1.0,3.0,169000.0
338,45.0,1.0,0.0,2.0,73500.0
339,40.0,1.0,45.0,2.0,73000.0
340,69.0,2.0,0.0,3.0,242000.0
341,50.0,1.0,0.0,2.0,87000.0
342,69.0,2.0,40.0,3.0,149000.0
343,46.0,2.0,50.0,3.0,120000.0
344,46.0,1.0,30.0,2.0,85000.0
345,186.0,3.0,30.0,4.0,500000.0
346,191.0,4.0,25.0,5.0,680000.0
347,50.0,1.0,2.0,2.0,79500.0
348,56.0,2.0,12.0,3.0,175000.0
349,32.0,1.0,50.0,2.0,39800.0
350,43.0,1.0,9.0,2.0,107000.0
351,41.0,1.0,5.0,2.0,120000.0
352,57.0,2.0,0.0,3.0,130000.0
353,55.0,1.0,0.0,2.0,45000.0
354,51.0,2.0,40.0,3.0,95000.0
355,53.0,1.0,4.0,2.0,115000.0
356,100.0,2.0,0.0,3.0,260000.0
357,28.0,0.0,0.0,1.0,62000.0
358,41.0,1.0,40.0,2.0,85000.0
359,77.0,3.0,0.0,4.0,188000.0
360,79.0,3.0,40.0,4.0,159000.0
361,45.0,1.0,0.0,2.0,105000.0
362,76.0,0.0,0.0,3.0,189000.0
363,85.0,2.0,0.0,3.0,150000.0
364,40.0,1.0,0.0,2.0,56000.0
365,170.0,3.0,0.0,4.0,235000.0
366,32.0,1.0,0.0,1.0,88000.0
367,45.0,1.0,0.0,2.0,119900.0
368,71.0,2.0,12.0,3.0,206000.0
369,0.0,0.0,0.0,1.0,45000.0
370,45.0,1.0,0.0,2.0,66900.0
371,66.0,4.0,20.0,5.0,85000.0
372,543.0,3.0,0.0,4.0,1350000.0
373,155.0,3.0,0.0,5.0,350000.0
374,106.0,3.0,0.0,4.0,140000.0
375,52.0,1.0,0.0,2.0,66600.0
376,39.0,1.0,0.0,2.0,55700.0
377,44.0,1.0,0.0,2.0,81900.0
378,65.0,2.0,0.0,3.0,90800.0
379,39.0,1.0,0.0,2.0,88000.0
380,58.0,2.0,50.0,3.0,0.0
381,100.0,3.0,0.0,4.0,210000.0
382,96.0,3.0,50.0,4.0,205000.0
383,54.0,2.0,25.0,3.0,115000.0
384,130.0,3.0,25.0,4.0,330000.0
385,788.0,5.0,0.0,6.0,1350000.0
386,36.0,1.0,41.0,2.0,60000.0
387,79.0,2.0,15.0,3.0,195000.0
388,160.0,4.0,0.0,4.0,460000.0
389,500.0,4.0,0.0,7.0,580000.0
390,90.0,2.0,0.0,3.0,328000.0
391,381.0,4.0,0.0,6.0,850000.0
392,337.0,3.0,0.0,0.0,550000.0
393,165.0,3.0,0.0,4.0,213000.0
394,397.0,4.0,0.0,7.0,695000.0
395,200.0,4.0,0.0,4.0,690000.0
396,0.0,1.0,0.0,2.0,110000.0
397,235.0,4.0,0.0,6.0,380000.0
398,72.0,2.0,50.0,3.0,109000.0
399,259.0,4.0,0.0,5.0,485000.0
400,146.0,4.0,0.0,5.0,239000.0
401,250.0,3.0,0.0,5.0,519000.0
402,369.0,5.0,0.0,6.0,570000.0
403,53.0,1.0,0.0,2.0,168000.0
404,53.0,1.0,0.0,2.0,132400.0
405,60.0,2.0,48.0,3.0,125000.0
406,164.0,3.0,0.0,4.0,470000.0
407,190.0,3.0,0.0,5.0,368000.0
408,62.0,2.0,1.0,3.0,91000.0
409,110.0,3.0,0.0,4.0,395000.0
410,40.0,0.0,0.0,1.0,110000.0
411,39.0,1.0,0.0,2.0,105000.0
412,123.0,3.0,40.0,5.0,359000.0
413,200.0,3.0,0.0,5.0,229000.0
414,125.0,2.0,0.0,3.0,165000.0
415,218.0,3.0,0.0,4.0,375000.0
416,0.0,4.0,0.0,0.0,189000.0
417,0.0,0.0,0.0,0.0,190000.0
418,25.0,0.0,0.0,1.0,65000.0
419,410.0,4.0,0.0,5.0,600000.0
420,110.0,3.0,50.0,4.0,185000.0
421,74.0,2.0,60.0,3.0,112000.0
422,53.0,2.0,63.0,3.0,89900.0
423,123.0,3.0,51.0,4.0,200000.0
424,41.0,1.0,6.0,2.0,109000.0
425,145.0,3.0,0.0,4.0,150000.0
426,160.0,3.0,0.0,4.0,110000.0
427,102.0,3.0,0.0,4.0,205000.0
428,43.0,1.0,0.0,2.0,45000.0
429,73.0,2.0,0.0,3.0,145000.0
430,84.0,3.0,0.0,4.0,300000.0
431,50.0,1.0,4.0,2.0,119000.0
432,30.0,1.0,0.0,2.0,188797.0
433,75.0,2.0,0.0,3.0,255000.0
434,140.0,2.0,0.0,3.0,300000.0
435,160.0,2.0,0.0,4.0,200000.0
436,157.0,5.0,93.0,6.0,165000.0
437,68.0,2.0,7.0,3.0,149900.0
438,34.0,0.0,50.0,1.0,59000.0
439,138.0,3.0,0.0,4.0,165000.0
440,208.0,4.0,20.0,5.0,640000.0
441,125.0,3.0,0.0,4.0,165000.0
442,61.0,3.0,53.0,4.0,105000.0
443,52.0,2.0,0.0,3.0,195000.0
444,50.0,1.0,30.0,2.0,75000.0
445,60.0,2.0,5.0,3.0,148000.0
446,43.0,1.0,12.0,2.0,77000.0
447,35.0,1.0,40.0,2.0,57000.0
448,38.0,1.0,0.0,2.0,89000.0
449,75.0,3.0,50.0,4.0,125000.0
450,250.0,4.0,0.0,5.0,390000.0
451,50.0,1.0,10.0,0.0,45500.0
452,81.0,3.0,0.0,4.0,35000.0
453,110.0,2.0,0.0,3.0,119000.0
454,52.0,2.0,50.0,3.0,129000.0
455,300.0,5.0,0.0,6.0,490000.0
456,185.0,4.0,0.0,6.0,105000.0
457,48.0,2.0,40.0,3.0,60000.0
458,68.0,3.0,60.0,4.0,159900.0
459,100.0,3.0,0.0,4.0,177000.0
460,62.0,2.0,1.0,3.0,118000.0
461,122.0,3.0,18.0,4.0,410000.0
462,167.0,3.0,0.0,4.0,440000.0
463,100.0,3.0,0.0,4.0,69900.0
464,74.0,3.0,0.0,4.0,209000.0
465,65.0,2.0,0.0,3.0,226000.0
466,94.0,3.0,0.0,4.0,209000.0
467,50.0,1.0,30.0,2.0,89000.0
468,60.0,2.0,0.0,3.0,104000.0
469,47.0,1.0,0.0,2.0,172500.0
470,45.0,0.0,0.0,1.0,95000.0
471,0.0,3.0,45.0,4.0,134000.0
472,150.0,3.0,0.0,4.0,188000.0
473,173.0,4.0,0.0,5.0,200000.0
474,145.0,3.0,0.0,4.0,220000.0
475,0.0,3.0,30.0,4.0,300000.0
476,125.0,3.0,50.0,4.0,350000.0
477,34.0,0.0,50.0,1.0,59000.0
478,44.0,1.0,1.0,2.0,100000.0
479,150.0,3.0,0.0,4.0,95000.0
480,39.0,1.0,2011.0,2.0,91000.0
481,62.0,2.0,50.0,0.0,130000.0
482,44.0,1.0,0.0,0.0,82000.0
483,65.0,2.0,29.0,3.0,175000.0
484,82.0,3.0,36.0,4.0,195000.0
485,115.0,3.0,0.0,4.0,145000.0
486,300.0,4.0,0.0,5.0,290000.0
487,17.0,1.0,7.0,0.0,59000.0
488,232.0,0.0,0.0,0.0,490000.0
489,91.0,4.0,90.0,5.0,230000.0
490,53.0,2.0,45.0,3.0,168000.0
491,58.0,1.0,0.0,2.0,195000.0
492,95.0,2.0,5.0,3.0,399000.0
493,260.0,3.0,0.0,5.0,705000.0
494,231.0,3.0,13.0,4.0,1300000.0
495,31.0,0.0,0.0,1.0,74000.0
496,40.0,0.0,0.0,1.0,48500.0
497,59.0,1.0,0.0,2.0,100000.0
498,50.0,1.0,0.0,2.0,89000.0
499,45.0,1.0,0.0,2.0,95900.0
500,180.0,2.0,0.0,3.0,95000.0
501,155.0,3.0,17.0,4.0,360000.0
502,35.0,0.0,0.0,1.0,105400.0
503,67.0,2.0,60.0,3.0,138000.0
504,34.0,0.0,0.0,1.0,103300.0
505,135.0,3.0,0.0,5.0,259999.0
506,56.0,2.0,40.0,3.0,139000.0
507,43.0,1.0,0.0,2.0,145000.0
508,28.0,0.0,0.0,1.0,69700.0
509,48.0,1.0,0.0,2.0,52000.0
510,45.0,2.0,40.0,3.0,105000.0
511,94.0,2.0,0.0,3.0,220000.0
512,57.0,1.0,0.0,2.0,215000.0
513,107.0,2.0,0.0,3.0,220000.0
514,31.0,1.0,4.0,2.0,55000.0
515,68.0,3.0,42.0,0.0,145000.0
516,67.0,3.0,60.0,4.0,124000.0
517,63.0,2.0,12.0,3.0,230000.0
518,49.0,1.0,10.0,2.0,95000.0
519,40.0,1.0,0.0,2.0,68000.0
520,35.0,0.0,0.0,1.0,66000.0
521,364.0,4.0,0.0,5.0,520000.0
522,55.0,1.0,0.0,2.0,118000.0
523,79.0,2.0,0.0,3.0,225000.0
524,79.0,2.0,4.0,3.0,250000.0
525,45.0,1.0,12.0,2.0,0.0
526,101.0,4.0,43.0,5.0,239000.0
527,47.0,1.0,0.0,1.0,79000.0
528,94.0,3.0,10.0,4.0,165000.0
529,109.0,3.0,0.0,4.0,330000.0
530,78.0,2.0,0.0,3.0,200000.0
531,91.0,2.0,68.0,3.0,198000.0
532,73.0,2.0,30.0,3.0,210000.0
533,210.0,3.0,27.0,0.0,560000.0
534,49.0,2.0,20.0,3.0,140000.0
535,33.0,0.0,0.0,1.0,83000.0
536,84.0,3.0,15.0,4.0,254900.0
537,62.0,2.0,0.0,3.0,185000.0
538,0.0,3.0,28.0,4.0,360000.0
539,110.0,2.0,58.0,4.0,105000.0
540,49.0,1.0,0.0,2.0,135000.0
541,132.0,3.0,45.0,4.0,420000.0
542,67.0,2.0,20.0,3.0,164000.0
543,28.0,0.0,0.0,1.0,49666.0
544,32.0,0.0,0.0,1.0,80784.0
545,52.0,1.0,0.0,2.0,193000.0
546,37.0,0.0,15.0,1.0,89000.0
547,120.0,2.0,0.0,5.0,90000.0
548,28.0,1.0,50.0,2.0,49000.0
549,64.0,2.0,5.0,3.0,270000.0
550,50.0,1.0,67.0,2.0,74900.0
551,48.0,1.0,15.0,2.0,112000.0
552,27.0,0.0,0.0,1.0,54500.0
553,84.0,0.0,0.0,0.0,130000.0
554,77.0,2.0,20.0,3.0,195000.0
555,32.0,1.0,50.0,2.0,83000.0
556,63.0,2.0,1.0,3.0,120000.0
557,37.0,0.0,5.0,1.0,64000.0
558,68.0,1.0,0.0,2.0,130000.0
559,51.0,2.0,35.0,3.0,129000.0
560,30.0,1.0,7.0,2.0,55000.0
561,60.0,2.0,0.0,3.0,110000.0
562,86.0,2.0,0.0,4.0,139000.0
563,133.0,6.0,0.0,7.0,200000.0
564,35.0,0.0,0.0,1.0,160000.0
565,43.0,2.0,40.0,3.0,79900.0
566,130.0,2.0,0.0,3.0,198000.0
567,86.0,3.0,0.0,4.0,188000.0
568,35.0,0.0,0.0,1.0,82000.0
569,380.0,4.0,0.0,5.0,650000.0
570,270.0,3.0,0.0,6.0,430000.0
571,97.0,2.0,0.0,3.0,180000.0
572,251.0,4.0,0.0,6.0,540000.0
573,63.0,2.0,1.0,3.0,175000.0
574,60.0,2.0,0.0,3.0,135000.0
575,84.0,2.0,38.0,3.0,154000.0
576,38.0,1.0,0.0,2.0,97000.0
577,50.0,1.0,45.0,2.0,128000.0
578,140.0,3.0,0.0,5.0,210000.0
579,146.0,4.0,0.0,5.0,230000.0
580,0.0,0.0,0.0,0.0,147000.0
581,256.0,4.0,0.0,5.0,359000.0
582,43.0,1.0,0.0,2.0,108000.0
583,77.0,3.0,55.0,4.0,225000.0
584,48.0,1.0,0.0,2.0,195000.0
585,51.0,2.0,23.0,3.0,87000.0
586,245.0,4.0,0.0,5.0,320000.0
587,192.0,3.0,0.0,4.0,235000.0
588,64.0,1.0,12.0,2.0,225000.0
589,195.0,4.0,0.0,5.0,320000.0
590,61.0,2.0,58.0,3.0,91000.0
591,48.0,2.0,60.0,3.0,80000.0
592,100.0,2.0,0.0,3.0,170000.0
593,74.0,2.0,50.0,3.0,160000.0
594,40.0,1.0,40.0,2.0,92000.0
595,31.0,0.0,0.0,0.0,95000.0
596,34.0,1.0,0.0,2.0,110000.0
597,96.0,4.0,0.0,5.0,155000.0
598,175.0,4.0,0.0,5.0,259900.0
599,30.0,1.0,30.0,2.0,59000.0
600,223.0,4.0,0.0,5.0,350000.0
601,308.0,4.0,0.0,5.0,420000.0
602,116.0,3.0,0.0,4.0,230000.0
603,139.0,4.0,0.0,5.0,390000.0
604,60.0,2.0,0.0,3.0,210000.0
605,105.0,2.0,0.0,3.0,215000.0
606,100.0,1.0,0.0,2.0,198000.0
607,221.0,4.0,0.0,5.0,500000.0
608,136.0,2.0,0.0,3.0,188500.0
609,195.0,4.0,0.0,5.0,395000.0
610,94.0,2.0,0.0,3.0,119000.0
611,48.0,1.0,0.0,2.0,235000.0
612,146.0,3.0,0.0,4.0,329000.0
613,38.0,1.0,60.0,2.0,60000.0
614,68.0,2.0,0.0,3.0,180000.0
615,49.0,2.0,50.0,3.0,80000.0
616,145.0,2.0,9.0,4.0,550000.0
617,0.0,0.0,0.0,0.0,76410.0
618,66.0,2.0,0.0,3.0,210000.0
619,136.0,2.0,0.0,3.0,690000.0
620,175.0,4.0,0.0,5.0,369000.0
621,60.0,1.0,8.0,3.0,0.0
622,44.0,1.0,10.0,2.0,87000.0
623,209.0,3.0,0.0,4.0,258000.0
624,95.0,3.0,0.0,4.0,98000.0
625,48.0,2.0,1.0,3.0,115000.0
626,75.0,2.0,40.0,3.0,87000.0
627,90.0,2.0,25.0,4.0,140000.0
628,87.0,2.0,50.0,3.0,80000.0
629,35.0,1.0,45.0,2.0,69000.0
630,76.0,2.0,0.0,3.0,163000.0
631,130.0,2.0,0.0,3.0,185000.0
632,45.0,1.0,4.0,2.0,95000.0
633,35.0,0.0,0.0,1.0,81701.0
634,73.0,2.0,40.0,3.0,142500.0
635,40.0,1.0,40.0,2.0,85000.0
636,207.0,3.0,10.0,4.0,1500000.0
637,44.0,1.0,30.0,2.0,62000.0
638,110.0,2.0,64.0,3.0,495000.0
639,160.0,4.0,0.0,5.0,220000.0
640,42.0,1.0,0.0,2.0,82000.0
641,0.0,3.0,0.0,5.0,150000.0
642,200.0,4.0,0.0,6.0,245000.0
643,170.0,3.0,0.0,4.0,240000.0
644,52.0,2.0,27.0,3.0,49900.0
645,77.0,2.0,70.0,3.0,135000.0
646,61.0,2.0,8.0,3.0,115000.0
647,86.0,3.0,23.0,4.0,205000.0
648,140.0,3.0,0.0,8.0,135000.0
649,42.0,1.0,35.0,2.0,84000.0
650,46.0,2.0,50.0,3.0,65000.0
651,100.0,2.0,0.0,3.0,170000.0
652,45.0,1.0,0.0,2.0,80000.0
653,65.0,2.0,60.0,3.0,115000.0
654,58.0,2.0,7.0,3.0,140000.0
655,0.0,3.0,0.0,4.0,98333.0
656,243.0,5.0,0.0,6.0,200000.0
657,0.0,2.0,40.0,3.0,250000.0
658,49.0,1.0,50.0,2.0,89000.0
659,43.0,1.0,45.0,2.0,118000.0
660,57.0,1.0,0.0,2.0,259000.0
661,113.0,3.0,33.0,4.0,239000.0
662,108.0,3.0,0.0,5.0,330000.0
663,44.0,1.0,0.0,2.0,102000.0
664,42.0,1.0,0.0,2.0,119000.0
665,78.0,2.0,45.0,3.0,165000.0
666,66.0,2.0,40.0,3.0,119000.0
667,36.0,1.0,20.0,2.0,95000.0
668,260.0,3.0,3.0,4.0,790000.0
669,106.0,3.0,35.0,4.0,198000.0
670,93.0,3.0,20.0,4.0,265000.0
671,31.0,1.0,20.0,2.0,108000.0
672,89.0,3.0,40.0,4.0,320000.0
673,105.0,4.0,0.0,5.0,165000.0
674,84.0,2.0,0.0,3.0,105000.0
675,56.0,1.0,1.0,2.0,159900.0
676,600.0,5.0,0.0,6.0,890000.0
677,150.0,3.0,32.0,5.0,200000.0
678,207.0,4.0,0.0,5.0,330000.0
679,110.0,3.0,0.0,4.0,235000.0
680,66.0,2.0,0.0,3.0,176000.0
681,40.0,1.0,40.0,2.0,64000.0
682,0.0,2.0,0.0,0.0,201111.0
683,47.0,1.0,15.0,2.0,114000.0
684,90.0,3.0,53.0,4.0,219000.0
685,63.0,2.0,0.0,3.0,80000.0
686,67.0,3.0,36.0,3.0,140000.0
687,50.0,1.0,45.0,2.0,125000.0
688,60.0,2.0,54.0,3.0,129900.0
689,107.0,3.0,80.0,4.0,170000.0
690,171.0,3.0,0.0,4.0,458000.0
691,57.0,2.0,0.0,3.0,125000.0
692,49.0,1.0,70.0,2.0,85000.0
693,50.0,1.0,0.0,2.0,139000.0
694,66.0,2.0,0.0,3.0,242000.0
695,80.0,3.0,60.0,4.0,115000.0
696,190.0,4.0,0.0,5.0,263000.0
697,37.0,1.0,0.0,2.0,86000.0
698,44.0,1.0,27.0,2.0,105000.0
699,40.0,1.0,50.0,2.0,69000.0
700,0.0,1.0,0.0,0.0,156800.0
701,45.0,1.0,70.0,2.0,98500.0
702,138.0,3.0,0.0,4.0,195000.0
703,300.0,4.0,0.0,5.0,620000.0
704,90.0,2.0,0.0,9.0,60000.0
705,110.0,2.0,0.0,4.0,100000.0
706,180.0,3.0,0.0,6.0,180000.0
707,45.0,1.0,2.0,2.0,63000.0
708,254.0,3.0,0.0,4.0,398000.0
709,70.0,2.0,1.0,3.0,130000.0
710,53.0,2.0,12.0,3.0,128000.0
711,42.0,1.0,16.0,2.0,98000.0
712,54.0,1.0,0.0,2.0,0.0
713,50.0,1.0,0.0,2.0,99000.0
714,77.0,2.0,0.0,3.0,160000.0
715,58.0,2.0,60.0,3.0,74000.0
716,54.0,2.0,35.0,3.0,79000.0
717,66.0,3.0,45.0,4.0,120000.0
718,115.0,3.0,0.0,4.0,280000.0
719,49.0,1.0,0.0,2.0,82000.0
720,60.0,2.0,9.0,3.0,155000.0
721,60.0,2.0,60.0,3.0,90000.0
722,40.0,1.0,0.0,2.0,78000.0
723,54.0,2.0,49.0,3.0,135000.0
724,151.0,5.0,0.0,6.0,230000.0
725,215.0,4.0,0.0,5.0,310000.0
726,67.0,2.0,0.0,3.0,230000.0
727,48.0,1.0,0.0,2.0,133400.0
728,32.0,1.0,0.0,2.0,65000.0
729,78.0,2.0,40.0,3.0,179000.0
730,58.0,2.0,45.0,3.0,114900.0
731,40.0,1.0,0.0,2.0,86400.0
732,37.0,0.0,8.0,1.0,82000.0
733,127.0,3.0,0.0,4.0,160000.0
734,74.0,2.0,0.0,3.0,179900.0
735,73.0,2.0,0.0,3.0,280000.0
736,201.0,4.0,60.0,7.0,400000.0
737,94.0,2.0,10.0,3.0,190000.0
738,121.0,3.0,40.0,4.0,235000.0
739,37.0,1.0,29.0,2.0,64900.0
740,58.0,2.0,0.0,3.0,95000.0
741,37.0,0.0,56.0,1.0,56500.0
742,39.0,1.0,0.0,2.0,75000.0
743,36.0,0.0,0.0,1.0,55000.0
744,46.0,2.0,1988.0,3.0,118000.0
745,78.0,2.0,43.0,3.0,160000.0
746,49.0,1.0,27.0,2.0,59900.0
747,38.0,1.0,9.0,2.0,95000.0
748,62.0,2.0,55.0,3.0,60000.0
749,112.0,3.0,50.0,4.0,250000.0
750,187.0,4.0,0.0,5.0,830000.0
751,67.0,2.0,0.0,3.0,217000.0
752,200.0,2.0,0.0,3.0,240000.0
753,55.0,2.0,20.0,3.0,105000.0
754,160.0,0.0,0.0,0.0,98000.0
755,70.0,3.0,30.0,4.0,145000.0
756,67.0,2.0,0.0,3.0,162000.0
757,70.0,2.0,43.0,3.0,140000.0
758,47.0,1.0,50.0,2.0,85000.0
759,224.0,4.0,0.0,5.0,259000.0
760,205.0,3.0,0.0,5.0,319000.0
761,84.0,2.0,0.0,3.0,135000.0
762,42.0,1.0,0.0,2.0,86000.0
763,65.0,2.0,0.0,0.0,134000.0
764,49.0,1.0,6.0,2.0,114000.0
765,39.0,1.0,3.0,2.0,110000.0
766,57.0,2.0,0.0,3.0,130000.0
767,38.0,1.0,0.0,2.0,78000.0
768,67.0,2.0,40.0,3.0,125000.0
769,32.0,0.0,0.0,0.0,69000.0
770,56.0,2.0,20.0,3.0,135000.0
771,37.0,1.0,0.0,2.0,80000.0
772,31.0,0.0,0.0,1.0,69000.0
773,44.0,1.0,0.0,2.0,118000.0
774,41.0,1.0,2.0,2.0,85000.0
775,58.0,2.0,0.0,3.0,120000.0
776,80.0,3.0,6.0,4.0,170500.0
777,61.0,2.0,37.0,3.0,154000.0
778,35.0,0.0,0.0,0.0,78000.0
779,65.0,2.0,0.0,3.0,125000.0
780,128.0,3.0,0.0,4.0,168000.0
781,70.0,2.0,0.0,0.0,155000.0
782,53.0,1.0,0.0,2.0,107000.0
783,57.0,2.0,31.0,3.0,90000.0
784,173.0,3.0,0.0,4.0,382000.0
785,10.0,0.0,0.0,1.0,68000.0
786,0.0,2.0,8.0,3.0,160000.0
787,140.0,3.0,0.0,4.0,385000.0
788,24.0,0.0,40.0,1.0,39900.0
789,271.0,5.0,0.0,6.0,500000.0
790,308.0,4.0,0.0,6.0,700000.0
791,240.0,4.0,0.0,5.0,465000.0
792,235.0,3.0,0.0,4.0,250000.0
793,100.0,3.0,50.0,4.0,236900.0
794,157.0,3.0,35.0,5.0,375000.0
795,45.0,1.0,0.0,2.0,55000.0
796,65.0,1.0,0.0,2.0,97000.0
797,42.0,1.0,0.0,2.0,82000.0
798,71.0,2.0,0.0,3.0,220000.0
799,236.0,3.0,0.0,5.0,510000.0
800,230.0,4.0,0.0,6.0,400000.0
801,0.0,4.0,0.0,6.0,1500000.0
802,330.0,4.0,0.0,5.0,430000.0
803,150.0,3.0,0.0,4.0,310000.0
804,59.0,2.0,7.0,3.0,166000.0
805,66.0,2.0,20.0,3.0,159000.0
806,66.0,2.0,0.0,3.0,148000.0
807,35.0,1.0,45.0,2.0,72000.0
808,45.0,1.0,10.0,2.0,129000.0
809,41.0,1.0,0.0,2.0,113000.0
810,280.0,4.0,0.0,5.0,360000.0
811,75.0,3.0,1.0,4.0,180000.0
812,62.0,2.0,45.0,3.0,149000.0
813,81.0,2.0,0.0,4.0,248000.0
814,68.0,2.0,0.0,3.0,219400.0
815,625.0,4.0,0.0,5.0,850000.0
816,60.0,2.0,30.0,3.0,108000.0
817,63.0,2.0,0.0,3.0,235000.0
818,38.0,0.0,0.0,1.0,140000.0
819,50.0,2.0,30.0,3.0,106500.0
820,145.0,3.0,0.0,0.0,305000.0
821,164.0,4.0,0.0,6.0,360000.0
822,39.0,0.0,0.0,1.0,125000.0
823,55.0,2.0,8.0,3.0,155000.0
824,140.0,2.0,0.0,3.0,335000.0
825,55.0,2.0,30.0,3.0,69000.0
826,0.0,0.0,0.0,1.0,36900.0
827,6.0,0.0,0.0,0.0,51000.0
828,162.0,3.0,1.0,4.0,0.0
829,54.0,2.0,45.0,3.0,74500.0
830,61.0,2.0,10.0,3.0,158000.0
831,170.0,2.0,0.0,4.0,215000.0
832,73.0,2.0,55.0,3.0,119900.0
833,150.0,3.0,0.0,4.0,108000.0
834,59.0,2.0,60.0,3.0,105000.0
835,47.0,1.0,3.0,2.0,139000.0
836,70.0,2.0,10.0,3.0,244900.0
837,443.0,6.0,0.0,7.0,540000.0
838,165.0,3.0,0.0,3.0,229000.0
839,50.0,1.0,38.0,2.0,45900.0
840,53.0,2.0,37.0,3.0,60900.0
841,185.0,3.0,0.0,4.0,370000.0
842,281.0,6.0,0.0,7.0,440000.0
843,419.0,4.0,0.0,5.0,590000.0
844,58.0,2.0,0.0,3.0,189000.0
845,35.0,1.0,0.0,0.0,71000.0
846,37.0,1.0,50.0,2.0,88000.0
847,33.0,0.0,0.0,1.0,139000.0
848,64.0,3.0,60.0,3.0,128000.0
849,111.0,3.0,46.0,4.0,269000.0
850,59.0,2.0,0.0,3.0,134000.0
851,119.0,3.0,0.0,4.0,239000.0
852,200.0,3.0,0.0,4.0,390000.0
853,200.0,4.0,0.0,5.0,365000.0
854,149.0,5.0,0.0,6.0,265000.0
855,120.0,3.0,0.0,4.0,230000.0
856,77.0,2.0,0.0,3.0,205000.0
857,178.0,3.0,0.0,4.0,395000.0
858,54.0,2.0,30.0,3.0,100000.0
859,73.0,2.0,20.0,3.0,185000.0
860,143.0,3.0,54.0,5.0,356930.0
861,48.0,1.0,0.0,2.0,105000.0
862,48.0,1.0,0.0,2.0,125000.0
863,69.0,2.0,0.0,3.0,180000.0
864,104.0,3.0,0.0,4.0,250000.0
865,87.0,2.0,7.0,3.0,268000.0
866,470.0,4.0,0.0,6.0,780000.0
867,73.0,1.0,8.0,2.0,210000.0
868,0.0,1.0,40.0,2.0,78000.0
869,110.0,2.0,0.0,3.0,45000.0
870,294.0,4.0,0.0,5.0,870000.0
871,158.0,3.0,0.0,5.0,145000.0
872,267.0,3.0,0.0,8.0,360000.0
873,45.0,1.0,45.0,2.0,100000.0
874,74.0,2.0,0.0,3.0,174000.0
875,53.0,2.0,60.0,3.0,105000.0
876,52.0,1.0,0.0,2.0,110000.0
877,78.0,3.0,0.0,4.0,199000.0
878,320.0,5.0,0.0,7.0,617000.0
879,75.0,2.0,0.0,3.0,259000.0
880,69.0,2.0,0.0,3.0,125000.0
881,75.0,2.0,0.0,3.0,260000.0
882,75.0,3.0,0.0,4.0,187000.0
883,26.0,0.0,50.0,1.0,47000.0
884,0.0,1.0,0.0,2.0,0.0
885,41.0,1.0,0.0,2.0,120000.0
886,43.0,1.0,9.0,2.0,107000.0
887,16.0,0.0,10.0,1.0,75000.0
888,37.0,0.0,8.0,1.0,82000.0
889,189.0,3.0,0.0,4.0,155000.0
890,270.0,4.0,0.0,5.0,158000.0
891,68.0,2.0,50.0,3.0,89990.0
892,80.0,2.0,0.0,3.0,285000.0
893,68.0,2.0,0.0,3.0,219400.0
894,56.0,2.0,0.0,3.0,155000.0
895,100.0,3.0,0.0,4.0,219000.0
896,52.0,2.0,0.0,3.0,125000.0
897,104.0,2.0,0.0,4.0,175000.0
898,196.0,3.0,0.0,5.0,580000.0
899,165.0,3.0,0.0,4.0,298000.0
900,100.0,2.0,0.0,4.0,165000.0
901,86.0,3.0,0.0,4.0,205000.0
902,26.0,0.0,50.0,1.0,60000.0
903,180.0,3.0,0.0,5.0,310000.0
904,185.0,3.0,0.0,4.0,310000.0
905,95.0,2.0,0.0,3.0,390000.0
906,58.0,2.0,8.0,3.0,126000.0
907,269.0,3.0,0.0,4.0,439000.0
908,55.0,2.0,40.0,3.0,145000.0
909,34.0,0.0,0.0,1.0,89942.0
910,46.0,1.0,40.0,2.0,89000.0
911,63.0,3.0,60.0,4.0,109000.0
912,56.0,2.0,0.0,3.0,158000.0
913,150.0,3.0,43.0,4.0,409000.0
914,138.0,4.0,20.0,5.0,389000.0
915,113.0,3.0,50.0,4.0,345000.0
916,38.0,1.0,45.0,2.0,59500.0
917,127.0,3.0,13.0,4.0,375000.0
918,99.0,3.0,55.0,5.0,198000.0
919,70.0,3.0,0.0,4.0,35000.0
920,72.0,2.0,50.0,3.0,109000.0
921,66.0,2.0,30.0,3.0,260000.0
922,48.0,2.0,0.0,3.0,95000.0
923,63.0,1.0,0.0,2.0,240000.0
924,31.0,0.0,10.0,1.0,53000.0
925,420.0,3.0,0.0,6.0,590000.0
926,160.0,5.0,0.0,6.0,162000.0
927,300.0,3.0,0.0,4.0,448000.0
928,58.0,2.0,0.0,3.0,130000.0
929,102.0,3.0,0.0,4.0,210000.0
930,52.0,2.0,50.0,3.0,95000.0
931,59.0,2.0,50.0,3.0,86000.0
932,80.0,2.0,0.0,3.0,265000.0
933,210.0,6.0,0.0,7.0,450000.0
934,100.0,3.0,0.0,4.0,270000.0
935,45.0,1.0,6.0,2.0,120000.0
936,82.0,3.0,52.0,4.0,179000.0
937,0.0,4.0,0.0,0.0,315000.0
938,268.0,7.0,0.0,9.0,500000.0
939,31.0,1.0,60.0,2.0,60000.0
940,340.0,5.0,0.0,6.0,265000.0
941,42.0,2.0,0.0,3.0,115000.0
942,105.0,3.0,35.0,4.0,299000.0
943,120.0,3.0,0.0,5.0,249000.0
944,80.0,2.0,0.0,3.0,135000.0
945,66.0,2.0,0.0,3.0,219000.0
946,70.0,2.0,6.0,3.0,159900.0
947,92.0,2.0,0.0,3.0,256000.0
948,50.0,1.0,1.0,2.0,151551.0
949,30.0,0.0,0.0,1.0,107000.0
950,180.0,5.0,0.0,6.0,215000.0
951,37.0,0.0,0.0,1.0,64000.0
952,26.0,1.0,18.0,1.0,49000.0
953,136.0,3.0,40.0,4.0,320000.0
954,30.0,1.0,0.0,2.0,53000.0
955,281.0,3.0,0.0,5.0,385000.0
956,80.0,3.0,45.0,4.0,200000.0
957,80.0,3.0,45.0,4.0,200000.0
958,96.0,3.0,45.0,4.0,190000.0
959,110.0,3.0,0.0,4.0,245000.0
960,71.0,2.0,0.0,3.0,89000.0
961,36.0,1.0,37.0,2.0,65000.0
962,45.0,0.0,25.0,1.0,85000.0
963,37.0,1.0,56.0,2.0,59000.0
964,45.0,1.0,13.0,2.0,118000.0
965,77.0,0.0,0.0,0.0,59900.0
966,0.0,1.0,0.0,2.0,54000.0
967,85.0,3.0,45.0,4.0,198000.0
968,154.0,2.0,13.0,3.0,380000.0
969,105.0,2.0,40.0,3.0,279000.0
970,113.0,3.0,43.0,4.0,179000.0
971,102.0,3.0,50.0,4.0,128000.0
972,125.0,2.0,0.0,3.0,190000.0
973,150.0,3.0,0.0,5.0,275000.0
974,186.0,3.0,0.0,5.0,390000.0
975,115.0,2.0,0.0,0.0,140000.0
976,244.0,2.0,0.0,4.0,250000.0
977,82.0,2.0,0.0,3.0,85000.0
978,100.0,2.0,70.0,3.0,275000.0
979,46.0,1.0,40.0,2.0,68000.0
980,187.0,3.0,0.0,5.0,400000.0
981,54.0,1.0,0.0,2.0,95000.0
982,60.0,2.0,40.0,3.0,143000.0
983,58.0,2.0,50.0,3.0,158000.0
984,71.0,2.0,0.0,3.0,122000.0
985,173.0,3.0,0.0,5.0,459000.0
986,94.0,3.0,48.0,7.0,98000.0
987,58.0,1.0,0.0,2.0,187000.0
988,42.0,1.0,40.0,2.0,97000.0
989,0.0,2.0,40.0,3.0,79500.0
990,43.0,1.0,0.0,2.0,82000.0
991,71.0,2.0,20.0,3.0,139000.0
992,100.0,3.0,35.0,4.0,250000.0
993,138.0,3.0,35.0,4.0,360000.0
994,75.0,2.0,13.0,3.0,235000.0
995,35.0,0.0,0.0,1.0,65000.0
996,56.0,2.0,5.0,3.0,99000.0
997,62.0,3.0,0.0,4.0,145000.0
998,124.0,3.0,8.0,4.0,670000.0
999,88.0,2.0,0.0,3.0,239000.0
1000,65.0,2.0,5.0,3.0,198000.0
1001,61.0,2.0,0.0,3.0,130000.0
1002,70.0,2.0,12.0,3.0,165000.0
1003,0.0,0.0,0.0,0.0,59000.0
1004,67.0,3.0,33.0,4.0,139900.0
1005,37.0,1.0,43.0,2.0,55000.0
1006,84.0,3.0,3.0,4.0,299000.0
1007,32.0,1.0,0.0,2.0,53000.0
1008,87.0,3.0,0.0,4.0,185000.0
1009,68.0,2.0,43.0,3.0,144900.0
1010,43.0,1.0,20.0,2.0,110000.0
1011,125.0,3.0,130.0,4.0,325000.0
1012,68.0,2.0,40.0,3.0,88000.0
1013,51.0,2.0,40.0,3.0,88000.0
1014,47.0,2.0,65.0,3.0,77700.0
1015,32.0,1.0,35.0,2.0,75000.0
1016,44.0,1.0,0.0,2.0,178000.0
1017,27.0,0.0,50.0,1.0,50000.0
1018,62.0,2.0,2.0,3.0,128000.0
1019,240.0,4.0,0.0,5.0,520000.0
1020,59.0,1.0,40.0,2.0,110000.0
1021,47.0,1.0,15.0,2.0,127000.0
1022,122.0,2.0,0.0,3.0,560000.0
1023,79.0,3.0,45.0,4.0,170000.0
1024,0.0,0.0,0.0,1.0,73100.0
1025,0.0,2.0,8.0,3.0,169000.0
1026,44.0,1.0,35.0,5.0,35000.0
1027,32.0,0.0,0.0,1.0,69800.0
1028,0.0,1.0,0.0,0.0,118698.0
1029,116.0,3.0,3.0,4.0,352000.0
1030,73.0,2.0,3.0,3.0,140000.0
1031,38.0,1.0,45.0,2.0,77000.0
1032,0.0,1.0,0.0,2.0,110000.0
1033,35.0,1.0,60.0,2.0,73000.0
1034,49.0,2.0,0.0,3.0,85000.0
1035,68.0,2.0,0.0,3.0,219400.0
1036,58.0,2.0,45.0,3.0,113000.0
1037,38.0,1.0,20.0,2.0,109000.0
1038,40.0,1.0,0.0,2.0,114000.0
1039,0.0,0.0,0.0,1.0,70000.0
1040,41.0,1.0,0.0,2.0,260000.0
1041,0.0,1.0,0.0,0.0,215000.0
1042,89.0,2.0,0.0,3.0,169000.0
1043,215.0,3.0,0.0,6.0,350000.0
1044,40.0,1.0,0.0,2.0,98000.0
1045,436.0,4.0,0.0,0.0,500000.0
1046,160.0,3.0,0.0,5.0,210000.0
1047,100.0,2.0,0.0,3.0,310000.0
1048,72.0,2.0,0.0,3.0,164900.0
1049,140.0,2.0,10.0,3.0,280000.0
1050,45.0,1.0,0.0,2.0,77000.0
1051,62.0,1.0,0.0,0.0,179000.0
1052,54.0,2.0,40.0,3.0,85000.0
1053,0.0,3.0,0.0,4.0,290000.0
1054,45.0,1.0,0.0,2.0,77000.0
1055,120.0,3.0,36.0,4.0,310000.0
1056,148.0,4.0,0.0,5.0,359000.0
1057,56.0,2.0,10.0,3.0,50000.0
1058,52.0,2.0,0.0,3.0,69000.0
1059,76.0,2.0,0.0,3.0,121000.0
1060,37.0,1.0,53.0,2.0,69900.0
1061,48.0,1.0,10.0,2.0,115000.0
1062,64.0,2.0,0.0,3.0,57000.0
1063,43.0,1.0,23.0,2.0,120000.0
1064,158.0,3.0,9.0,4.0,590000.0
1065,45.0,2.0,0.0,3.0,122000.0
1066,60.0,1.0,1.0,2.0,145000.0
1067,55.0,1.0,8.0,2.0,122000.0
1068,79.0,2.0,0.0,3.0,238000.0
1069,140.0,2.0,0.0,3.0,159000.0
1070,153.0,3.0,0.0,4.0,52000.0
1071,40.0,1.0,10.0,2.0,115000.0
1072,85.0,3.0,40.0,4.0,140000.0
1073,52.0,3.0,90.0,4.0,80000.0
1074,50.0,2.0,0.0,3.0,125000.0
1075,154.0,4.0,45.0,5.0,420000.0
1076,40.0,1.0,45.0,2.0,98000.0
1077,38.0,2.0,10.0,3.0,90000.0
1078,97.0,2.0,1.0,3.0,390000.0
1079,54.0,2.0,100.0,3.0,89000.0
1080,90.0,2.0,0.0,3.0,72000.0
1081,166.0,2.0,0.0,3.0,130000.0
1082,141.0,3.0,10.0,4.0,499000.0
1083,42.0,1.0,45.0,2.0,75000.0
1084,30.0,0.0,15.0,1.0,45900.0
1085,211.0,4.0,50.0,5.0,290000.0
1086,0.0,1.0,9.0,2.0,219000.0
1087,192.0,3.0,0.0,5.0,349000.0
1088,41.0,1.0,11.0,2.0,82000.0
1089,45.0,3.0,0.0,4.0,148544.0
1090,238.0,4.0,0.0,5.0,480000.0
1091,233.0,4.0,0.0,5.0,290000.0
1092,129.0,3.0,78.0,4.0,204000.0
1093,40.0,1.0,10.0,2.0,78000.0
1094,80.0,2.0,0.0,3.0,182860.0
1095,116.0,3.0,0.0,4.0,230000.0
1096,43.0,1.0,15.0,2.0,155000.0
1097,69.0,2.0,0.0,3.0,125000.0
1098,47.0,1.0,0.0,2.0,205000.0
1099,42.0,1.0,12.0,2.0,100000.0
1100,83.0,2.0,80.0,3.0,110000.0
1101,220.0,4.0,0.0,6.0,150000.0
1102,57.0,3.0,25.0,4.0,133000.0
1103,37.0,1.0,0.0,2.0,85500.0
1104,220.0,3.0,0.0,4.0,339000.0
1105,51.0,2.0,36.0,3.0,105000.0
1106,59.0,1.0,11.0,2.0,195000.0
1107,43.0,1.0,23.0,2.0,117900.0
1108,95.0,2.0,0.0,3.0,95000.0
1109,47.0,1.0,0.0,2.0,83000.0
1110,44.0,1.0,0.0,2.0,104891.0
1111,0.0,3.0,0.0,4.0,150000.0
1112,111.0,3.0,0.0,4.0,165000.0
1113,76.0,2.0,0.0,3.0,252100.0
1114,106.0,4.0,0.0,5.0,248000.0
1115,24.0,0.0,0.0,0.0,60000.0
1116,435.0,6.0,0.0,9.0,490000.0
1117,300.0,4.0,0.0,5.0,727000.0
1118,42.0,1.0,2.0,2.0,112500.0
1119,105.0,3.0,40.0,4.0,219000.0
1120,105.0,2.0,0.0,3.0,330000.0
1121,196.0,3.0,22.0,4.0,650000.0
1122,132.0,3.0,25.0,4.0,690000.0
1123,680.0,7.0,0.0,8.0,630000.0
1124,34.0,0.0,8.0,1.0,62000.0
1125,50.0,2.0,0.0,3.0,149000.0
1126,75.0,2.0,18.0,3.0,269000.0
1127,70.0,2.0,15.0,3.0,205000.0
1128,0.0,1.0,0.0,2.0,60000.0
1129,0.0,2.0,0.0,3.0,260000.0
1130,110.0,3.0,50.0,4.0,185000.0
1131,75.0,1.0,0.0,2.0,183600.0
1132,69.0,2.0,7.0,3.0,215000.0
1133,145.0,3.0,0.0,0.0,345000.0
1134,104.0,3.0,22.0,4.0,295000.0
1135,367.0,3.0,0.0,4.0,475000.0
1136,75.0,0.0,0.0,0.0,60624.0
1137,59.0,1.0,40.0,2.0,92000.0
1138,180.0,3.0,0.0,5.0,260000.0
1139,96.0,3.0,40.0,4.0,210000.0
1140,72.0,2.0,5.0,3.0,225000.0
1141,60.0,1.0,15.0,2.0,87000.0
1142,54.0,2.0,10.0,3.0,149000.0
1143,60.0,2.0,13.0,3.0,135000.0
1144,60.0,2.0,20.0,3.0,150000.0
1145,62.0,1.0,15.0,2.0,150000.0
1146,60.0,2.0,40.0,3.0,140000.0
1147,235.0,3.0,17.0,4.0,950000.0
1148,105.0,2.0,0.0,3.0,155000.0
1149,75.0,3.0,50.0,4.0,167000.0
1150,75.0,2.0,0.0,3.0,299700.0
1151,245.0,3.0,41.0,5.0,479500.0
1152,32.0,1.0,12.0,2.0,83000.0
1153,47.0,1.0,10.0,2.0,90000.0
1154,283.0,4.0,0.0,5.0,370000.0
1155,155.0,3.0,0.0,4.0,220000.0
1156,34.0,1.0,45.0,2.0,65000.0
1157,200.0,3.0,30.0,4.0,0.0
1158,87.0,2.0,0.0,3.0,250000.0
1159,84.0,2.0,0.0,3.0,270000.0
1160,50.0,1.0,10.0,2.0,175000.0
1161,58.0,1.0,6.0,2.0,179900.0
1162,145.0,3.0,48.0,4.0,375000.0
1163,69.0,3.0,51.0,4.0,148900.0
1164,94.0,3.0,0.0,4.0,249000.0
1165,28.0,0.0,0.0,1.0,85000.0
1166,76.0,2.0,80.0,3.0,98000.0
1167,80.0,1.0,55.0,2.0,88000.0
1168,53.0,1.0,0.0,2.0,158000.0
1169,60.0,2.0,45.0,3.0,115000.0
1170,32.0,0.0,50.0,1.0,21000.0
1171,0.0,2.0,45.0,3.0,115000.0
1172,115.0,2.0,45.0,3.0,360000.0
1173,48.0,0.0,2.0,1.0,95000.0
1174,41.0,1.0,40.0,2.0,74000.0
1175,67.0,2.0,2.0,3.0,165000.0
1176,138.0,3.0,55.0,4.0,280000.0
1177,78.0,3.0,0.0,4.0,160000.0
1178,110.0,3.0,0.0,4.0,360000.0
1179,120.0,3.0,45.0,4.0,255000.0
1180,85.0,0.0,15.0,0.0,150000.0
1181,37.0,1.0,30.0,2.0,44000.0
1182,45.0,1.0,0.0,2.0,75000.0
1183,206.0,3.0,0.0,4.0,235000.0
1184,201.0,4.0,0.0,5.0,315000.0
1185,45.0,1.0,7.0,0.0,35000.0
1186,96.0,2.0,11.0,3.0,299000.0
1187,61.0,2.0,0.0,3.0,135000.0
1188,42.0,1.0,0.0,2.0,90000.0
1189,47.0,1.0,2.0,2.0,149000.0
1190,63.0,2.0,42.0,3.0,129000.0
1191,0.0,3.0,40.0,4.0,289000.0
1192,73.0,2.0,0.0,3.0,280000.0
1193,48.0,1.0,0.0,2.0,138000.0
1194,56.0,2.0,15.0,3.0,150000.0
1195,69.0,2.0,0.0,3.0,218310.0
1196,670.0,5.0,0.0,7.0,1000000.0
1197,65.0,2.0,0.0,3.0,235000.0
1198,87.0,2.0,0.0,3.0,199000.0
1199,260.0,4.0,0.0,0.0,380000.0
1200,29.0,0.0,0.0,1.0,46500.0
1201,590.0,5.0,0.0,0.0,700000.0
1202,155.0,3.0,0.0,0.0,280000.0
1203,150.0,4.0,0.0,0.0,390000.0
1204,181.0,3.0,0.0,4.0,370000.0
1205,270.0,4.0,0.0,0.0,520000.0
1206,100.0,3.0,40.0,4.0,185000.0
1207,580.0,5.0,0.0,0.0,840000.0
1208,65.0,2.0,20.0,4.0,65000.0
1209,69.0,2.0,0.0,3.0,109000.0
1210,80.0,2.0,0.0,3.0,115000.0
1211,68.0,2.0,0.0,3.0,132000.0
1212,250.0,3.0,0.0,4.0,300000.0
1213,65.0,2.0,25.0,3.0,75000.0
1214,131.0,2.0,0.0,3.0,200000.0
1215,40.0,1.0,2.0,2.0,98000.0
1216,61.0,2.0,0.0,3.0,165000.0
1217,32.0,1.0,50.0,2.0,90000.0
1218,94.0,3.0,33.0,4.0,198000.0
1219,23.0,0.0,0.0,1.0,43000.0
1220,81.0,2.0,5.0,3.0,230000.0
1221,41.0,2.0,50.0,3.0,86900.0
1222,75.0,2.0,0.0,3.0,180000.0
1223,40.0,1.0,0.0,2.0,64000.0
1224,30.0,0.0,0.0,1.0,86000.0
1225,43.0,1.0,0.0,2.0,74900.0
1226,289.0,3.0,0.0,7.0,380000.0
1227,75.0,2.0,12.0,3.0,160000.0
1228,60.0,2.0,60.0,3.0,120000.0
1229,48.0,1.0,0.0,2.0,125000.0
1230,43.0,1.0,0.0,2.0,129000.0
1231,43.0,1.0,0.0,2.0,129000.0
1232,193.0,3.0,0.0,0.0,340000.0
1233,195.0,4.0,0.0,5.0,319000.0
1234,175.0,3.0,0.0,0.0,325000.0
1235,0.0,3.0,0.0,4.0,410000.0
1236,31.0,1.0,30.0,2.0,55000.0
1237,40.0,1.0,50.0,2.0,59000.0
1238,420.0,5.0,0.0,0.0,598000.0
1239,60.0,2.0,0.0,3.0,145000.0
1240,170.0,3.0,0.0,0.0,338000.0
1241,29.0,1.0,32.0,2.0,58000.0
1242,222.0,3.0,0.0,0.0,420000.0
1243,234.0,3.0,0.0,0.0,295000.0
1244,197.0,4.0,0.0,7.0,160000.0
1245,53.0,2.0,50.0,3.0,63000.0
1246,270.0,3.0,0.0,6.0,570000.0
1247,60.0,1.0,0.0,2.0,105000.0
1248,74.0,1.0,0.0,0.0,59000.0
1249,42.0,1.0,2.0,2.0,75000.0
1250,78.0,2.0,7.0,3.0,279000.0
1251,41.0,1.0,0.0,2.0,79000.0
1252,52.0,2.0,0.0,3.0,109900.0
1253,140.0,3.0,0.0,3.0,245000.0
1254,39.0,1.0,40.0,2.0,85000.0
1255,36.0,1.0,8.0,2.0,109000.0
1256,59.0,3.0,50.0,4.0,105000.0
1257,48.0,1.0,50.0,2.0,100000.0
1258,30.0,1.0,10.0,1.0,79000.0
1259,110.0,3.0,0.0,5.0,225000.0
1260,22.0,0.0,50.0,0.0,83000.0
1261,135.0,3.0,0.0,4.0,400000.0
1262,74.0,3.0,20.0,4.0,250000.0
1263,67.0,3.0,40.0,4.0,145000.0
1264,24.0,0.0,50.0,0.0,43900.0
1265,100.0,2.0,0.0,3.0,115000.0
1266,155.0,3.0,0.0,5.0,360000.0
1267,102.0,2.0,2.0,3.0,210000.0
1268,296.0,4.0,0.0,5.0,498000.0
1269,37.0,1.0,0.0,2.0,45000.0
1270,64.0,2.0,0.0,3.0,142000.0
1271,31.0,1.0,0.0,2.0,73000.0
1272,66.0,3.0,0.0,4.0,139000.0
1273,55.0,2.0,0.0,3.0,108000.0
1274,94.0,2.0,0.0,3.0,199000.0
1275,203.0,2.0,0.0,5.0,215000.0
1276,40.0,1.0,0.0,2.0,98000.0
1277,148.0,3.0,53.0,4.0,259000.0
1278,0.0,1.0,45.0,1.0,42900.0
1279,65.0,2.0,0.0,3.0,159000.0
1280,47.0,1.0,0.0,2.0,95000.0
1281,166.0,4.0,0.0,5.0,219000.0
1282,40.0,1.0,0.0,2.0,120000.0
1283,88.0,2.0,0.0,3.0,135000.0
1284,99.0,3.0,0.0,4.0,265000.0
1285,0.0,0.0,0.0,0.0,56900.0
1286,62.0,2.0,30.0,3.0,36000.0
1287,260.0,5.0,0.0,6.0,430000.0
1288,200.0,4.0,0.0,5.0,385000.0
1289,75.0,2.0,0.0,4.0,150000.0
1290,357.0,3.0,0.0,5.0,860000.0
1291,38.0,0.0,4.0,1.0,84000.0
1292,55.0,0.0,0.0,0.0,85000.0
1293,104.0,3.0,93.0,6.0,259500.0
1294,282.0,4.0,0.0,7.0,550000.0
1295,177.0,4.0,0.0,7.0,245000.0
1296,250.0,4.0,0.0,7.0,430000.0
1297,55.0,1.0,0.0,2.0,93500.0
1298,0.0,2.0,45.0,3.0,119000.0
1299,26.0,0.0,0.0,1.0,64789.0
1300,58.0,2.0,25.0,3.0,90000.0
1301,28.0,0.0,44.0,1.0,59000.0
1302,39.0,0.0,0.0,1.0,85000.0
1303,60.0,1.0,5.0,2.0,145000.0
1304,77.0,2.0,0.0,3.0,255000.0
1305,101.0,3.0,40.0,4.0,238000.0
1306,0.0,0.0,0.0,1.0,28000.0
1307,40.0,0.0,8.0,1.0,69000.0
1308,147.0,3.0,0.0,4.0,230000.0
1309,72.0,2.0,40.0,3.0,157500.0
1310,50.0,1.0,0.0,2.0,155000.0
1311,43.0,1.0,10.0,2.0,138500.0
1312,50.0,0.0,0.0,1.0,130000.0
1313,43.0,1.0,15.0,2.0,119900.0
1314,58.0,1.0,3.0,2.0,115000.0
1315,34.0,0.0,5.0,1.0,86000.0
1316,38.0,1.0,20.0,2.0,70000.0
1317,68.0,2.0,0.0,0.0,272000.0
1318,37.0,1.0,48.0,2.0,58900.0
1319,65.0,2.0,0.0,3.0,48000.0
1320,50.0,2.0,0.0,3.0,98000.0
1321,70.0,2.0,0.0,3.0,188000.0
1322,34.0,1.0,50.0,2.0,68000.0
